project_id	OA2011_GSS
mm.ace.019	E00071294
mm.ace.022	E00062769
mm.ace.023	E00067494
mm.ace.036	E00017538
mm.ace.039	E00001600
mm.ace.042	E00010503
mm.ace.045	E00171152
mm.ace.1085	E00168514
mm.ace.1086	E00159498
mm.ace.1087	E00165216
mm.ace.1088	E00172263
mm.ace.1089	E00071186
mm.ace.1090	E00159021
mm.ace.1091	E00070653
mm.ace.1092	E00159156
mm.ace.1093	E00092995
mm.ace.1094	E00034620
mm.ace.1096	E00145223
mm.ace.1097	E00174243
mm.ace.1098	E00119906
mm.ace.1099	E00074519
mm.ace.1100	E00008020
mm.ace.1101	E00004527
mm.ace.1102	E00083877
mm.ace.1103	E00098187
mm.ace.1104	E00175614
mm.ace.1105	E00136014
mm.ace.1106	E00131578
mm.ace.1107	E00130489
mm.ace.1108	E00173309
mm.ace.1109	E00092672
mm.ace.1110	E00097637
mm.ace.1111	E00114846
mm.ace.1112	E00103572
mm.ace.1113	E00141111
mm.ace.1114	E00066822
mm.ace.1115	E00087609
mm.ace.1116	E00082908
mm.ace.1117	E00138875
mm.ace.1118	E00065937
mm.ace.1119	E00039189
mm.ace.1120	E00109624
mm.ace.1121	E00110725
mm.ace.1122	E00071379
mm.ace.1123	E00118200
mm.ace.1124	E00075774
mm.ace.1125	E00175708
mm.ace.1126	E00117110
mm.ace.1127	E00118991
mm.ace.1128	E00098101
mm.ace.1129	E00023936
mm.ace.1131	E00024112
mm.ace.1132	E00133121
mm.ace.1133	E00100587
mm.ace.1134	E00004559
mm.ace.1135	E00023816
mm.ace.1136	E00019773
mm.ace.1137	E00119749
mm.ace.1138	E00043528
mm.ace.1139	E00045075
mm.ace.1140	E00066499
mm.ace.1141	E00066814
mm.ace.1142	E00162911
mm.ace.1143	E00153798
mm.ace.1144	E00038111
mm.ace.1145	E00150452
mm.ace.1146	E00057788
mm.ace.1147	E00140551
mm.ace.1148	E00139849
mm.ace.1149	E00008149
mm.ace.1150	E00014127
mm.ace.1151	E00111298
mm.ace.1152	E00068058
mm.ace.1153	E00168131
mm.ace.1154	E00103008
mm.ace.1155	E00021458
mm.ace.1156	E00014862
mm.ace.1157	E00116992
mm.ace.1158	E00167528
mm.ace.1159	E00089664
mm.ace.1160	E00090806
mm.ace.1161	E00152228
mm.ace.1162	E00172408
mm.ace.1163	E00155228
mm.ace.1164	E00106777
mm.ace.1165	E00073417
mm.ace.1166	E00163845
mm.ace.1167	E00169746
mm.ace.1168	E00094928
mm.ace.1169	E00176027
mm.ace.1172	E00175226
mm.ace.1173	E00092006
mm.ace.1174	E00031187
mm.ace.1175	E00019239
mm.ace.1176	E00019239
mm.ace.1177	E00023945
mm.ace.1178	E00111203
mm.ace.1179	E00172172
mm.ace.1180	E00167159
mm.ace.1181	E00052348
mm.ace.1182	E00106028
mm.ace.1183	E00029152
mm.ace.1186	E00070891
mm.ace.1187	E00108517
mm.ace.1189	E00139190
mm.ace.1190	E00020719
mm.ace.1191	E00020682
mm.ace.1192	E00020633
mm.ace.1193	E00001912
mm.ace.1195	E00105566
mm.ace.1197	E00175556
mm.ace.1198	E00157853
mm.ace.1199	E00112733
mm.ace.1200	E00131011
mm.ace.1202	E00126455
mm.ace.1204	E00119771
mm.ace.1205	E00125914
mm.ace.1207	E00164810
mm.ace.1208	E00175767
mm.ace.1209	E00135900
mm.ace.1210	E00146014
mm.ace.1211	E00000026
mm.ace.1212	E00111521
mm.ace.1213	E00172899
mm.ace.1214	E00084117
mm.ace.1215	E00083768
mm.ace.1216	E00133482
mm.ace.1217	E00154017
mm.ace.1220	E00036141
mm.ace.1221	E00065498
mm.ace.1222	E00019365
mm.ace.1223	E00086047
mm.ace.1224	E00060491
mm.ace.1225	E00141096
mm.ace.1226	E00141449
mm.ace.1227	E00141965
mm.ace.1228	E00141483
mm.ace.1229	E00150286
mm.ace.1231	E00033012
mm.ace.1233	E00115932
mm.ace.1234	E00087410
mm.ace.1235	E00087315
mm.ace.1236	E00131694
mm.ace.1237	E00173533
mm.ace.1238	E00098769
mm.ace.1239	E00137824
mm.ace.1240	E00147640
mm.ace.1241	E00172354
mm.ace.1242	E00147140
mm.ace.1243	E00168346
mm.ace.1244	E00062808
mm.ace.1245	E00175825
mm.ace.1246	E00172920
mm.ace.1247	E00176619
mm.ace.1248	E00078357
mm.ace.1249	E00153363
mm.ace.1250	E00080688
mm.ace.1251	E00153632
mm.ace.1252	E00153637
mm.ace.1253	E00066907
mm.ace.1254	E00021628
mm.ace.1255	E00028381
mm.ace.1256	E00174310
mm.ace.1257	E00057873
mm.ace.1258	E00019542
mm.ace.1259	E00117437
mm.ace.1260	E00106137
mm.ace.1261	E00086586
mm.ace.1262	E00133436
mm.ace.1263	E00151172
mm.ace.1264	E00139293
mm.ace.1265	E00023811
mm.ace.1266	E00095091
mm.ace.1267	E00088195
mm.ace.1268	E00144391
mm.ace.127	E00128803
mm.ace.1270	E00160563
mm.ace.1271	E00066911
mm.ace.1273	E00173186
mm.ace.1274	E00176650
mm.ace.1275	E00133377
mm.ace.1276	E00141997
mm.ace.1277	E00090928
mm.ace.1278	E00175378
mm.ace.1280	E00137637
mm.ace.1282	E00077282
mm.ace.1283	E00172272
mm.ace.1284	E00095508
mm.ace.1285	E00136190
mm.ace.1286	E00131558
mm.ace.1287	E00089769
mm.ace.1288	E00150079
mm.ace.1291	E00095324
mm.ace.1292	E00019662
mm.ace.1293	E00137346
mm.ace.135	E00127391
mm.ace.164	E00067490
mm.ace.203	E00060875
mm.ace.266	E00143188
mm.ace.324	E00173640
mm.ace.327	E00133848
mm.ace.333	E00147398
mm.ace.380	E00173773
mm.ace.390	E00150441
mm.ace.399	E00176509
mm.ace.413	E00135278
mm.ace.436	E00172150
mm.ace.504	E00119086
mm.ace.516	E00166435
mm.ace.569	E00082921
mm.ace.685	E00168730
mm.ace.713	E00135949
mm.aim.0001	E00088496
mm.aim.0005	W00008119
mm.aim.0006	W00007505
mm.aim.0014	E00000035
mm.aim.0018	E00151855
mm.aim.0021	E00089523
mm.aim.0025	E00110339
mm.aim.0036	E00175707
mm.aim.0037	E00168248
mm.aim.0038	E00145715
mm.aim.0040	S00126311
mm.aim.0042	E00162727
mm.aim.0044	E00075118
mm.aim.0046	E00030011
mm.aim.0049	E00134671
mm.aim.0050	S00129783
mm.aim.0052	W00005083
mm.aim.0054	E00139293
mm.aim.0057	E00166755
mm.aim.0058	E00067746
mm.aim.0060	W00000245
mm.aim.0062	E00102765
mm.aim.0067	E00153206
mm.aim.0074	E00125505
mm.aim.0077	E00087289
mm.aim.0079	E00023936
mm.aim.0081	E00011126
mm.aim.0098	E00102328
mm.aim.0099	N00001444
mm.aim.0105	E00160289
mm.aim.0107	E00133573
mm.aim.0109	E00102501
mm.aim.0110	E00110265
mm.aim.0112	E00176111
mm.aim.0117	E00116922
mm.aim.0126	E00075339
mm.aim.0127	E00082570
mm.aim.0129	E00096015
mm.aim.0130	E00062813
mm.aim.0135	E00035475
mm.aim.0140	E00015477
mm.aim.0141	E00153730
mm.aim.0147	W00007566
mm.aim.0150	E00107097
mm.aim.0155	E00115741
mm.aim.0158	E00136071
mm.aim.0159	W00001060
mm.aim.0160	E00133943
mm.aim.0161	S00119032
mm.aim.0165	E00004559
mm.aim.0167	E00141830
mm.aim.0172	E00165577
mm.aim.0173	E00137954
mm.aim.0174	E00051180
mm.aim.0179	E00098116
mm.aim.0181	E00090801
mm.aim.0188	E00007931
mm.aim.0191	E00159346
mm.aim.0200	E00167709
mm.aim.0204	S00094040
mm.aim.0207	E00113177
mm.aim.0211	E00101896
mm.aim.0213	E00108598
mm.aim.0215	E00136434
mm.aim.0217	E00108645
mm.aim.0218	E00108688
mm.aim.0219	E00121974
mm.aim.0220	E00072667
mm.aim.0222	E00146702
mm.aim.0227	S00119159
mm.aim.0228	S00135238
mm.aim.0231	E00137108
mm.aim.0234	E00112721
mm.aim.0236	E00172174
mm.aim.0238	E00160632
mm.aim.0244	E00008370
mm.aim.0245	E00156039
mm.aim.0249	S00111060
mm.aim.0254	E00063780
mm.aim.0262	E00087327
mm.aim.0265	E00135471
mm.aim.0269	E00133022
mm.aim.0280	E00049371
mm.aim.0282	S00098199
mm.aim.0283	S00099806
mm.aim.0284	S00117704
mm.aim.0287	S00098982
mm.aim.0288	S00094581
mm.aim.0292	S00094576
mm.aim.0295	E00124933
mm.aim.0300	E00147796
mm.aim.0302	W00007623
mm.aim.0304	W00001029
mm.aim.0307	E00117267
mm.aim.0310	E00119561
mm.aim.0314	E00009672
mm.aim.0317	E00007029
mm.aim.0335	E00107868
mm.aim.0336	E00141760
mm.aim.0337	E00172419
mm.aim.0338	E00156191
mm.aim.0340	W00010117
mm.aim.0342	E00078989
mm.aim.0350	E00136810
mm.aim.0351	E00167385
mm.aim.0353	E00145964
mm.aim.0358	E00075983
mm.aim.0370	S00097126
mm.aim.0373	S00112166
mm.aim.0378	E00174323
mm.aim.0382	E00165005
mm.aim.0389	E00112129
mm.aim.0393	E00027755
mm.aim.0400	S00097113
mm.aim.0405	E00093109
mm.aim.0406	E00089228
mm.aim.0407	E00125608
mm.aim.0410	E00130955
mm.aim.0420	E00166776
mm.aim.0422	E00148564
mm.aim.0423	N00003040
mm.aim.0425	E00100608
mm.aim.0430	W00002619
mm.aim.0431	E00098038
mm.aim.0440	E00087556
mm.aim.0441	E00115847
mm.aim.0443	S00118900
mm.aim.0447	E00160757
mm.aim.0448	E00087809
mm.aim.0456	E00036488
mm.aim.0459	E00081540
mm.aim.0461	E00136572
mm.aim.0466	E00053936
mm.aim.0467	E00019766
mm.aim.0470	W00002920
mm.aim.0471	S00094583
mm.aim.0478	
mm.aim.0484	
mm.aim.0485	E00114045
mm.aim.0486	E00004205
mm.aim.0490	E00078842
mm.aim.0496	E00053983
mm.aim.0503	E00125903
mm.aim.0512	E00095307
mm.aim.0513	E00117615
mm.aim.0516	E00075642
mm.aim.0518	E00019781
mm.aim.0521	E00093901
mm.aim.0527	E00098020
mm.aim.0528	E00147761
mm.aim.0530	E00098641
mm.aim.0531	E00123684
mm.aim.0533	E00096054
mm.aim.0535	E00123739
mm.aim.0545	E00132244
mm.aim.0555	W00003510
mm.aim.0556	W00001114
mm.aim.0557	W00000716
mm.aim.0559	E00019784
mm.aim.0560	E00176467
mm.aim.0565	E00130861
mm.aim.0566	E00135295
mm.aim.0568	E00063128
mm.aim.0570	E00126854
mm.aim.0578	E00175827
mm.aim.0579	E00031368
mm.aim.0581	E00126113
mm.aim.0583	E00116850
mm.aim.0588	E00090251
mm.aim.0589	E00158771
mm.aim.0593	E00151959
mm.aim.0596	E00023882
mm.aim.0598	E00167387
mm.aim.0599	W00000051
mm.aim.0600	E00059906
mm.aim.0603	E00035711
mm.aim.0604	E00133088
mm.aim.0606	E00071953
mm.aim.0616	E00151324
mm.aim.0619	S00133636
mm.aim.0625	E00174334
mm.aim.0628	E00139886
mm.aim.0639	E00014440
mm.aim.0641	E00101739
mm.aim.0651	E00152760
mm.aim.0658	E00134135
mm.aim.0663	W00003262
mm.aim.0664	E00142865
mm.aim.0671	E00095804
mm.aim.0677	E00084653
mm.aim.0678	E00144377
mm.aim.0679	W00002417
mm.aim.0691	E00171198
mm.aim.0692	E00099350
mm.aim.0699	E00106882
mm.aim.0710	E00139187
mm.aim.0713	E00074601
mm.aim.0714	S00097338
mm.aim.0720	W00000411
mm.aim.0723	W00001859
mm.aim.0724	E00124119
mm.aim.0738	W00003232
mm.aim.0742	W00000919
mm.aim.0750	E00133404
mm.aim.0753	E00095553
mm.aim.0754	E00004198
mm.aim.0774	E00067474
mm.aim.0778	E00063359
mm.aim.0779	E00097466
mm.aim.0781	E00084638
mm.aim.0784	E00071011
mm.aim.0786	E00034928
mm.aim.0788	E00125105
mm.aim.0790	E00111339
mm.aim.0791	E00095503
mm.aim.0795	E00100157
mm.aim.0796	E00007921
mm.aim.0797	W00002599
mm.aim.0803	E00088286
mm.aim.0811	E00137218
mm.aim.0812	E00137981
mm.aim.0817	E00023919
mm.aim.0818	E00004681
mm.aim.0858	S00109128
mm.aim.0877	E00155524
mm.aim.0881	E00148057
mm.aim.0882	E00124129
mm.aim.0892	E00050896
mm.aim.0898	E00146805
mm.aim.0900	E00097245
mm.aim.0907	E00102316
mm.aim.0925	E00132699
mm.aim.0926	E00161942
mm.aim.0931	E00120224
mm.aim.0936	E00103416
mm.aim.0941	E00122676
mm.aim.0943	E00088099
mm.aim.0951	E00087440
mm.aim.0952	E00156861
mm.aim.0956	E00136150
mm.aim.0959	E00170707
mm.aim.0976	E00017203
mm.aim.0981	E00094185
mm.aim.0983	E00099267
mm.aim.0993	E00158376
mm.aim.0994	E00130404
mm.aim.1001	E00135701
mm.aim.1004	E00132232
mm.aim.1005	E00161877
mm.aim.1006	E00169006
mm.aim.1017	E00107885
mm.aim.1020	E00013430
mm.aim.1022	E00156630
mm.aim.1023	E00171549
mm.aim.1025	E00160734
mm.aim.1026	E00048664
mm.aim.1031	E00096420
mm.aim.1036	E00022693
mm.aim.1040	E00072124
mm.aim.1042	E00153401
mm.aim.1047	E00103056
mm.aim.1051	E00129702
mm.aim.1063	E00019779
mm.aim.1068	
mm.aim.1071	S00133384
mm.aim.1076	E00137805
mm.aim.1080	E00157942
mm.aim.1082	E00175378
mm.aim.1085	E00116014
mm.aim.1089	E00147676
mm.aim.1090	E00034200
mm.aim.1091	E00009662
mm.aim.1093	E00176629
mm.aim.1095	E00124108
mm.aim.1097	E00103762
mm.aim.1101	E00019292
mm.aim.1111	E00153203
mm.aim.1115	E00104064
mm.aim.1117	E00135950
mm.aim.1119	E00084083
mm.aim.1121	S00109097
mm.aim.1131	E00155436
mm.aim.1136	E00149906
mm.aim.1138	E00144252
mm.aim.1142	W00001921
mm.aim.1147	E00110425
mm.aim.1151	S00091429
mm.aim.1153	E00148101
mm.aim.1155	E00175812
mm.aim.1156	E00118654
mm.aim.1157	E00046223
mm.aim.1159	E00111741
mm.aim.1161	E00004531
mm.aim.1166	E00096463
mm.aim.1169	E00020435
mm.aim.1180	E00110832
mm.aim.1182	E00014596
mm.aim.1186	W00006291
mm.aim.1189	S00126292
mm.aim.1190	S00127607
mm.aim.1194	E00113165
mm.aim.1196	E00110002
mm.aim.1197	E00159835
mm.aim.1202	E00161297
mm.aim.1203	E00145303
mm.aim.1205	E00173897
mm.aim.1206	E00103830
mm.aim.1209	E00136223
mm.aim.1210	E00137593
mm.aim.1215	E00019599
mm.aim.1217	E00035596
mm.aim.1223	E00010971
mm.aim.1230	E00163496
mm.aim.1245	E00121107
mm.aim.1246	E00102235
mm.aim.1247	E00128968
mm.aim.1255	E00118992
mm.aim.1258	S00097218
mm.aim.1261	E00019590
mm.aim.1263	E00118025
mm.aim.1267	E00174223
mm.aim.1274	E00011265
mm.aim.1281	W00005606
mm.aim.1282	E00157391
mm.aim.1289	E00022349
mm.aim.1295	E00062813
mm.aim.1300	E00104271
mm.aim.1304	E00036932
mm.aim.1305	E00149055
mm.aim.1308	E00104412
mm.aim.1309	E00098646
mm.aim.1312	E00114714
mm.aim.1315	E00128706
mm.aim.1316	E00062518
mm.aim.1318	E00070465
mm.aim.1322	E00163414
mm.aim.1326	E00167974
mm.aim.1329	E00175713
mm.aim.1335	E00127972
mm.aim.1338	E00148010
mm.aim.1342	E00096658
mm.aim.1346	E00086109
mm.aim.1348	E00136672
mm.aim.1352	E00124981
mm.aim.1353	E00124870
mm.aim.1354	E00094721
mm.aim.1355	E00094873
mm.aim82M.001	E00095918
mm.aim82M.002	E00056619
mm.aim82M.003	E00104004
mm.aim82M.004	E00087361
mm.aim82M.005	E00117698
mm.aim82M.007	E00092441
mm.aim82M.008	E00000024
mm.aim82M.009	W00001120
mm.aim82M.010	E00071912
mm.aim82M.011	E00099964
mm.aim82M.012	S00133396
mm.aim82M.014	W00002115
mm.aim82M.015	S00120559
mm.aim82M.016	E00148353
mm.aim82M.017	E00099350
mm.aim82M.018	W00004168
mm.aim82M.019	W00001642
mm.aim82M.021	E00139870
mm.aim82M.022	E00010906
mm.aim82M.023	E00134314
mm.aim82M.024	S00097275
mm.aim82M.025	E00146830
mm.aim82M.027	E00106836
mm.aim82M.029	
mm.aim82M.030	S00126772
mm.aim82M.031	E00119213
mm.aim82M.032	S00132521
mm.aim82M.033	E00137297
mm.aim82M.034	E00142853
mm.aim82M.035	E00147781
mm.aim82M.036	E00085492
mm.aim82M.038	E00049371
mm.aim82M.040	E00112947
mm.aim82M.041	E00162410
mm.aim82M.042	E00133848
mm.aim82M.043	E00159222
mm.aim82M.044	E00062216
mm.aim82M.045	E00094691
mm.aim82M.046	E00165886
mm.aim82M.047	E00102222
mm.aim82M.048	E00161446
mm.aim82M.049	E00135801
mm.aim82M.050	E00175190
mm.aim82M.051	E00087359
mm.aim82M.052	E00141282
mm.aim82M.053	E00135359
mm.aim82M.054	E00089077
mm.aim82M.055	E00095400
mm.aim82M.056	E00023696
mm.aim82M.057	E00097173
mm.aim82M.058	E00046264
mm.aim82M.059	S00132896
mm.aim82M.060	E00108789
mm.aim82M.061	S00110356
mm.aim82M.062	E00117880
mm.aim82M.063	E00074467
mm.aim82M.064	W00002651
mm.aim82M.065	E00119200
mm.aim82M.066	E00087316
mm.aim82M.068	E00074504
mm.aim82M.069	E00094959
mm.aim82M.071	W00000097
mm.aim82NM.001	W00000292
mm.aim82NM.002	S00117804
mm.aim82NM.003	S00091302
mm.aim82NM.004	E00097745
mm.aim82NM.005	E00159642
mm.aim82NM.006	E00102762
mm.aim82NM.007	E00142243
mm.aim82NM.009	E00112685
mm.aim82NM.010	E00066020
mm.aim82NM.011	E00163544
mm.aim82NM.012	W00000245
mm.aim82NM.013	E00019845
mm.aim82NM.014	E00103533
mm.aim82NM.015	E00077253
mm.aim82NM.016	E00072583
mm.aim82NM.017	E00078804
mm.aim82NM.018	W00010099
mm.aim82NM.019	E00102543
mm.aim82NM.020	E00004658
mm.aim82NM.021	E00072597
mm.aim82NM.022	E00012559
mm.aim82NM.023	E00148549
mm.aim82NM.024	E00071115
mm.aim82NM.025	E00072574
mm.aim82NM.026	E00099790
mm.aim82NM.027	E00131103
mm.aim82NM.028	E00114366
mm.aim82NM.029	W00001120
mm.aim82NM.030	E00045648
mm.aim82NM.031	E00075127
mm.aim82NM.032	S00126295
mm.aim82NM.033	E00168922
mm.aim82NM.034	E00139389
mm.aim82NM.035	E00056722
mm.aim82NM.036	E00092384
mm.aim82NM.037	E00090264
mm.aim82NM.038	E00095078
mm.aim82NM.039	E00085566
mm.aim82NM.040	E00045128
mm.aim82NM.041	E00075242
mm.aim82NM.042	W00002138
mm.aim82NM.043	W00000706
mm.aim82NM.044	S00109334
mm.aim82NM.045	E00116992
mm.aim82NM.046	E00153742
mm.aim82NM.047	S00103320
mm.aim82NM.048	E00157163
mm.aim82NM.049	E00137559
mm.aim82NM.050	
mm.aim82NM.051	E00113595
mm.aim82NM.052	S00125950
mm.aim82NM.053	E00102942
mm.aim82NM.054	E00170893
mm.aim82NM.055	E00112732
mm.aim82NM.056	E00099315
mm.aim82NM.057	S00119325
mm.aim82NM.058	E00140380
mm.aim82NM.059	E00119215
mm.aim82NM.060	E00095295
mm.aim82NM.061	E00135153
mm.aim82NM.062	E00099121
mm.aim82NM.064	E00169906
mm.aim82NM.065	S00109947
mm.aim82NM.066	E00094700
mm.aim82NM.068	S00109071
mm.aim82NM.071	E00126998
mm.aim82NM.072	E00070379
mm.aim82NM.073	E00127127
mm.aim82NM.074	E00125552
mm.aim82NM.075	E00072397
mm.aim82NM.076	E00028530
mm.aim82NM.077	E00072575
mm.aim82NM.078	E00149857
mm.aim82NM.079	E00167385
mm.aim82NM.080	E00095517
mm.aim82NM.081	S00095263
mm.aim82NM.082	W00003706
mm.aim82NM.083	W00000050
mm.aim82NM.084	E00095781
mm.aim82NM.085	E00174310
mm.aim82NM.087	E00107109
mm.aim82NM.088	E00146667
mm.aim82NM.090	E00055228
mm.aim82NM.091	
mm.aim82NM.092	E00097708
mm.aim82NM.094	E00103534
mm.aim82NM.095	E00083769
mm.aim82NM.096	S00121924
mm.aim82NM.097	E00100542
mm.aim82NM.099	E00148616
mm.aim82NM.100	E00162018
mm.aim82NM.101	E00067739
mm.aim82NM.102	E00160526
mm.aim82NM.103	E00065272
mm.aim82NM.104	E00116864
mm.aim82NM.105	E00123064
mm.aim82NM.106	E00096128
mm.aim82NM.107	E00106527
mm.aim82NM.108	E00072990
mm.aim82NM.109	E00045857
mm.aim82NM.110	S00127017
mm.aim82NM.111	S00095420
mm.aim82NM.112	E00074607
mm.aim82NM.113	E00154489
mm.aim82NM.114	E00039471
mm.aim82NM.115	E00035353
mm.aim82NM.116	S00126209
mm.aim82NM.117	E00153620
mm.aim82NM.118	S00135069
mm.aim82NM.119	E00106932
mm.aim82NM.120	S00129310
mm.aim82NM.121	S00129114
mm.aim82NM.122	E00128570
mm.aim82NM.123	E00024346
mm.aim82NM.124	E00157155
mm.aim82NM.125	W00002325
mm.aim82NM.126	E00088655
mm.aim82NM.127	E00166050
mm.aim82NM.128	E00097606
mm.aim82NM.129	E00147644
mm.aim82NM.130	S00094722
mm.aim82NM.131	E00107529
mm.aim82NM.133	E00168065
mm.domus.EM001	E00138038
mm.domus.EM003	E00132158
mm.domus.EM004	E00131523
mm.domus.EM005	E00139162
mm.domus.EM006	E00138917
mm.domus.EM007	E00138038
mm.domus.EM008	E00138038
mm.domus.EM009	E00142877
mm.domus.EM010	E00174335
mm.domus.EM011	E00143448
mm.domus.EM012	E00099227
mm.domus.EM013	E00133418
mm.domus.EM014	E00099138
mm.domus.EM015	E00142724
mm.domus.EM016	E00173553
mm.domus.EM017	E00070561
mm.domus.EM018	E00070561
mm.domus.EM019	E00070379
mm.domus.EM020	E00070379
mm.domus.EM021	E00173480
mm.domus.EM022	E00142309
mm.domus.EM023	E00070229
mm.domus.EM024	E00144391
mm.domus.EM025	E00143252
mm.domus.EM026	E00137275
mm.domus.EM027	E00132868
mm.domus.EM028	E00132737
mm.domus.EM029	E00133697
mm.domus.EM030	E00133848
mm.domus.EM031	E00134028
mm.domus.EM032	E00132461
mm.domus.EM033	E00173359
mm.domus.EM034	E00171187
mm.domus.EM035	E00171187
mm.domus.EM036	E00171215
mm.domus.EM037	E00099476
mm.domus.EM039	E00139071
mm.domus.EM040	E00131663
mm.domus.EM041	E00132306
mm.domus.EM042	E00144064
mm.domus.EM043	E00144475
mm.domus.EM044	E00144748
mm.domus.EM045	E00069554
mm.domus.EM046	E00173640
mm.domus.EM047	E00138038
mm.domus.EM048	E00171187
mm.domus.EM051	E00174334
mm.domus.EM052	E00098400
mm.domus.EM053	E00144377
mm.domus.EM054	E00144229
mm.domus.EM055	E00144414
mm.domus.EM056	E00144750
mm.domus.EM057	E00173553
mm.domus.EM058	E00137909
mm.domus.EM059	E00137909
mm.domus.EM060	E00070020
mm.domus.EM061	E00139154
mm.domus.EM063	E00169575
mm.domus.EM064	E00169502
mm.domus.EM065	E00169458
mm.domus.EM066	E00068661
mm.domus.EM067	E00168093
mm.domus.EM068	E00169575
mm.domus.EM069	E00068794
mm.domus.EM070	E00131397
mm.domus.EM071	E00069606
mm.domus.EM072	E00069624
mm.domus.EM073	E00131624
mm.domus.EM074	E00130876
mm.domus.EM075	E00131622
mm.domus.EM076	E00098240
mm.domus.EM077	E00132737
mm.domus.EM078	E00173514
mm.domus.EM079	E00137583
mm.domus.EM080	E00098987
mm.domus.EM081	E00098613
mm.domus.EM083	E00130840
mm.domus.EM084	E00138486
mm.domus.EM085	E00132067
mm.domus.EM086	E00174335
mm.domus.EM087	E00098476
mm.domus.EM088	E00133649
mm.domus.EM089	E00133743
mm.domus.EM090	E00132214
mm.domus.EM092	E00142888
mm.domus.EM093	E00098724
mm.domus.EM094	E00100423
mm.domus.EM095	E00137467
mm.domus.EM096	E00132577
mm.domus.EM097	E00144769
mm.domus.EM098	E00098400
mm.domus.EM099	E00138736
mm.domus.EM100	E00133513
mm.domus.EM101	E00099906
mm.domus.EM102	E00099342
mm.domus.EM103	E00144240
mm.domus.EM104	E00130489
mm.domus.EM105	E00169458
mm.domus.EM106	E00099754
mm.domus.EM107	E00133006
mm.domus.EM108	E00131683
mm.domus.EM109	E00131185
mm.domus.EM110	E00132618
mm.domus.EM111	E00099861
mm.domus.EM112	E00169502
mm.domus.NE001	E00042825
mm.domus.NE002	E00104477
mm.domus.NE003	E00105819
mm.domus.NE004	E00104634
mm.domus.NE005	E00043673
mm.domus.NE006	E00139323
mm.domus.NE007	E00061909
mm.domus.NE008	E00174160
mm.domus.NE009	E00061864
mm.domus.NE011	E00105832
mm.domus.NE012	E00060916
mm.domus.NE013	E00060841
mm.domus.NE014	E00060695
mm.domus.NE015	E00060986
mm.domus.NE016	E00139874
mm.domus.NE017	E00139939
mm.domus.NE018	E00060873
mm.domus.NE019	E00060986
mm.domus.NE020	E00171794
mm.domus.NE021	E00139187
mm.domus.NE022	E00171872
mm.domus.NE023	E00060387
mm.domus.NE024	E00060483
mm.domus.NE026	E00042579
mm.domus.NE027	E00170218
mm.domus.NE028	E00042825
mm.domus.NE029	E00041850
mm.domus.NE030	E00043651
mm.domus.NE031	E00043074
mm.domus.NE032	E00044835
mm.domus.NE033	E00043660
mm.domus.NE035	E00045060
mm.domus.NE036	E00061443
mm.domus.NE037	E00139331
mm.domus.NE038	E00061061
mm.domus.NE039	E00139323
mm.domus.NE040	E00139330
mm.domus.NE041	E00061131
mm.domus.NE042	E00044950
mm.domus.NE043	E00139722
mm.domus.NE044	E00175564
mm.domus.NE045	E00041793
mm.domus.NE046	E00042825
mm.domus.NE047	E00170213
mm.domus.NE048	E00042832
mm.domus.NE049	E00061001
mm.domus.NE051	E00043458
mm.domus.NE052	E00171795
mm.domus.NE053	E00105080
mm.domus.NE054	E00105080
mm.domus.NE055	E00042580
mm.domus.NE056	E00042580
mm.domus.NE057	E00042580
mm.domus.NE058	E00042580
mm.domus.NE061	E00106025
mm.domus.NE062	E00139902
mm.domus.NE063	E00140178
mm.domus.NE064	E00176345
mm.domus.NE065	E00105566
mm.domus.NE066	E00062312
mm.domus.NE067	E00062058
mm.domus.NE068	E00139865
mm.domus.NE069	E00171794
mm.domus.NE071	E00139336
mm.domus.NE072	E00044931
mm.domus.NE073	E00139694
mm.domus.NE074	E00139288
mm.domus.NE075	E00140031
mm.domus.NE076	E00044091
mm.domus.NE077	E00140005
mm.domus.NE078	E00139874
mm.domus.NE079	E00060526
mm.domus.NE080	E00174086
mm.domus.NE081	E00139336
mm.domus.NE082	E00061282
mm.domus.NE083	E00172409
mm.domus.NI002	N00002673
mm.domus.NI003	N00003040
mm.domus.NI004	N00002613
mm.domus.NI005	N00002613
mm.domus.NI006	N00003371
mm.domus.NI007	N00000581
mm.domus.NI008	N00004148
mm.domus.NI009	N00001646
mm.domus.NI010	N00003040
mm.domus.NI011	N00000474
mm.domus.NI013	N00000340
mm.domus.NI014	N00002613
mm.domus.NI015	N00004387
mm.domus.NI016	N00004242
mm.domus.NI017	N00001008
mm.domus.NI018	N00000474
mm.domus.NI019	N00002673
mm.domus.NI020	N00002127
mm.domus.NI021	N00001248
mm.domus.NI022	N00000359
mm.domus.NI023	N00000699
mm.domus.NI024	N00000369
mm.domus.NI025	N00003655
mm.domus.NI026	N00003615
mm.domus.NI027	N00003697
mm.domus.NI028	N00002782
mm.domus.NI029	N00002991
mm.domus.NI030	N00001655
mm.domus.NI032	N00000529
mm.domus.NI034	N00004500
mm.domus.NI035	N00001663
mm.domus.NI036	N00003104
mm.domus.NI037	N00003232
mm.domus.NI038	N00002082
mm.domus.NW001	E00097839
mm.domus.NW002	E00097449
mm.domus.NW003	E00168640
mm.domus.NW004	E00030132
mm.domus.NW005	E00030151
mm.domus.NW006	E00126578
mm.domus.NW007	E00031665
mm.domus.NW008	E00175960
mm.domus.NW009	E00026251
mm.domus.NW011	E00026136
mm.domus.NW012	E00025890
mm.domus.NW013	E00026022
mm.domus.NW014	E00035347
mm.domus.NW015	E00035652
mm.domus.NW016	E00024651
mm.domus.NW017	E00029743
mm.domus.NW018	E00029175
mm.domus.NW019	E00030004
mm.domus.NW020	E00025436
mm.domus.NW021	E00097071
mm.domus.NW022	E00097071
mm.domus.NW023	E00097898
mm.domus.NW024	E00097883
mm.domus.NW025	E00097883
mm.domus.NW026	E00092440
mm.domus.NW027	E00174371
mm.domus.NW028	E00093371
mm.domus.NW029	E00097071
mm.domus.NW031	E00028138
mm.domus.NW032	E00097702
mm.domus.NW033	E00092857
mm.domus.NW034	E00175827
mm.domus.NW035	E00172015
mm.domus.NW036	E00172015
mm.domus.NW038	E00172015
mm.domus.NW039	E00063922
mm.domus.NW040	E00127391
mm.domus.NW041	E00128803
mm.domus.NW042	E00128600
mm.domus.NW043	E00129837
mm.domus.NW044	E00063650
mm.domus.NW045	E00128616
mm.domus.NW046	E00127404
mm.domus.NW048	E00127391
mm.domus.NW049	E00127404
mm.domus.NW050	E00127391
mm.domus.NW052	E00033532
mm.domus.NW053	E00097961
mm.domus.NW054	E00063735
mm.domus.NW055	E00063215
mm.domus.NW056	E00175810
mm.domus.NW057	E00127089
mm.domus.NW058	E00036247
mm.domus.NW059	E00036979
mm.domus.NW060	E00093676
mm.domus.NW061	E00026136
mm.domus.NW062	E00097713
mm.domus.NW064	E00027370
mm.domus.NW065	E00097757
mm.domus.NW067	E00168843
mm.domus.NW068	E00092689
mm.domus.NW069	E00126425
mm.domus.NW070	E00175988
mm.domus.NW071	E00175948
mm.domus.NW072	E00170168
mm.domus.NW073	E00097958
mm.domus.NW074	E00126405
mm.domus.NW075	E00126405
mm.domus.NW076	E00126405
mm.domus.NW078	E00027524
mm.domus.NW079	E00096686
mm.domus.NW080	E00096603
mm.domus.NW081	E00128162
mm.domus.NW082	E00093988
mm.domus.NW083	E00093950
mm.domus.NW084	E00174348
mm.domus.NW085	E00171992
mm.domus.NW086	E00096823
mm.domus.NW087	E00098087
mm.domus.NW088	E00096547
mm.domus.NW089	E00168471
mm.domus.NW090	E00168473
mm.domus.NW091	E00031785
mm.domus.NW093	E00032310
mm.domus.NW094	E00128968
mm.domus.NW095	E00062755
mm.domus.NW096	E00172018
mm.domus.NW098	E00062813
mm.domus.NW099	E00033012
mm.domus.NW100	E00033677
mm.domus.NW101	E00033677
mm.domus.NW102	E00171358
mm.domus.NW103	E00033012
mm.domus.NW104	E00033048
mm.domus.NW105	E00176650
mm.domus.NW106	E00024902
mm.domus.NW109	E00171673
mm.domus.NW110	E00024343
mm.domus.NW113	E00175961
mm.domus.NW114	E00026048
mm.domus.NW115	E00025436
mm.domus.NW118	E00027777
mm.domus.NW120	E00097797
mm.domus.NW121	E00063735
mm.domus.NW122	E00063735
mm.domus.NW125	E00092430
mm.domus.NW127	E00092648
mm.domus.NW128	E00092446
mm.domus.NW129	E00127783
mm.domus.NW130	E00128051
mm.domus.NW131	E00027770
mm.domus.NW132	E00126853
mm.domus.NW133	E00034622
mm.domus.NW134	E00033023
mm.domus.NW135	E00035605
mm.domus.NW136	E00028377
mm.domus.NW137	E00028976
mm.domus.NW138	E00172921
mm.domus.NW139	E00128839
mm.domus.NW140	E00096604
mm.domus.NW141	E00128368
mm.domus.NW142	E00034851
mm.domus.NW143	E00093869
mm.domus.NW144	E00175808
mm.domus.NW145	E00175812
mm.domus.NW147	E00176655
mm.domus.NW148	E00034211
mm.domus.NW149	E00176640
mm.domus.NW150	E00174419
mm.domus.NW152	E00128616
mm.domus.NW153	E00097346
mm.domus.NW155	
mm.domus.NW156	
mm.domus.NW157	
mm.domus.NW158	
mm.domus.NW160	E00097495
mm.domus.NW161	E00034853
mm.domus.NW162	E00126189
mm.domus.NW163	E00097836
mm.domus.NW164	E00175998
mm.domus.NW165	E00170168
mm.domus.NW166	E00033012
mm.domus.NW167	E00094504
mm.domus.NW168	E00096930
mm.domus.NW169	E00030847
mm.domus.NW170	E00093798
mm.domus.NW171	E00034155
mm.domus.NW172	E00097837
mm.domus.NW174	E00097834
mm.domus.NW175	E00129466
mm.domus.NW176	E00097999
mm.domus.NW177	E00097956
mm.domus.NW178	E00096463
mm.domus.NW179	E00127914
mm.domus.NW180	E00094122
mm.domus.NW181	E00126847
mm.domus.NW182	E00175827
mm.domus.NW183	E00128803
mm.domus.NW184	
mm.domus.NW185	
mm.domus.NW186	
mm.domus.NW187	E00168553
mm.domus.NW188	E00129065
mm.domus.NW189	E00030152
mm.domus.NW190	E00097503
mm.domus.NW191	E00029487
mm.domus.NW192	E00029744
mm.domus.NW194	
mm.domus.NW195	
mm.domus.SC001	S00111543
mm.domus.SC002	S00088986
mm.domus.SC003	S00090676
mm.domus.SC004	S00088986
mm.domus.SC005	S00090540
mm.domus.SC006	S00094931
mm.domus.SC007	S00132501
mm.domus.SC008	S00130837
mm.domus.SC009	S00130837
mm.domus.SC010	S00130837
mm.domus.SC011	S00095439
mm.domus.SC012	S00130837
mm.domus.SC013	S00134034
mm.domus.SC014	S00126634
mm.domus.SC016	S00127032
mm.domus.SC017	S00097742
mm.domus.SC018	S00093602
mm.domus.SC019	S00093951
mm.domus.SC020	S00093260
mm.domus.SC021	S00093260
mm.domus.SC022	S00093456
mm.domus.SC023	S00093673
mm.domus.SC024	S00091957
mm.domus.SC025	S00091528
mm.domus.SC026	S00091854
mm.domus.SC027	S00092080
mm.domus.SC028	S00091545
mm.domus.SC029	S00091713
mm.domus.SC030	S00122806
mm.domus.SC031	S00115923
mm.domus.SC032	S00094061
mm.domus.SC033	S00128946
mm.domus.SC034	S00091317
mm.domus.SC036	S00095493
mm.domus.SC037	S00095534
mm.domus.SC038	S00126648
mm.domus.SC039	S00129057
mm.domus.SC040	S00128947
mm.domus.SC041	S00129140
mm.domus.SC042	S00111156
mm.domus.SC043	S00121915
mm.domus.SC044	S00109333
mm.domus.SC045	S00091072
mm.domus.SC046	S00118834
mm.domus.SC047	S00093744
mm.domus.SC048	S00097491
mm.domus.SC049	S00094229
mm.domus.SC050	S00109947
mm.domus.SC051	S00110407
mm.domus.SC052	S00109642
mm.domus.SC053	S00109998
mm.domus.SC054	S00097909
mm.domus.SC055	S00097813
mm.domus.SC056	S00097914
mm.domus.SC057	S00097914
mm.domus.SC059	S00098127
mm.domus.SC061	S00117694
mm.domus.SC062	S00094735
mm.domus.SC063	S00098242
mm.domus.SC064	S00097663
mm.domus.SC065	S00097548
mm.domus.SC066	S00098249
mm.domus.SC068	S00109500
mm.domus.SC069	S00133192
mm.domus.SC070	S00101304
mm.domus.SC071	S00101304
mm.domus.SC072	S00134372
mm.domus.SC073	S00108488
mm.domus.SC074	S00114866
mm.domus.SC075	S00117702
mm.domus.SC076	S00107624
mm.domus.SC077	S00126310
mm.domus.SC078	S00119409
mm.domus.SC079	S00096987
mm.domus.SC080	S00126024
mm.domus.SC081	S00125963
mm.domus.SC082	S00125979
mm.domus.SC083	S00108724
mm.domus.SC086	S00108524
mm.domus.SC087	S00108039
mm.domus.SC089	S00120401
mm.domus.SC090	S00110992
mm.domus.SC091	S00097632
mm.domus.SC092	S00118834
mm.domus.SC093	S00132752
mm.domus.SC094	S00122950
mm.domus.SC095	S00096439
mm.domus.SC096	S00100177
mm.domus.SC097	S00099854
mm.domus.SC098	S00118769
mm.domus.SC099	S00096111
mm.domus.SC100	S00130816
mm.domus.SC102	S00100674
mm.domus.SC103	S00133606
mm.domus.SC104	S00109502
mm.domus.SC105	S00109533
mm.domus.SC106	S00109292
mm.domus.SC110	S00102352
mm.domus.SC111	S00095576
mm.domus.SC112	S00111026
mm.domus.SC113	S00099558
mm.domus.SC114	S00093051
mm.domus.SC115	S00117861
mm.domus.SC116	S00089351
mm.domus.SC117	S00127302
mm.domus.SC118	S00097790
mm.domus.SC119	S00091677
mm.domus.SC120	S00118210
mm.domus.SC121	S00118259
mm.domus.SC122	S00118764
mm.domus.SC123	S00116659
mm.domus.SC124	S00118762
mm.domus.SC125	S00093333
mm.domus.SC126	S00121384
mm.domus.SC127	E00167557
mm.domus.SC129	S00114356
mm.domus.SC130	S00112246
mm.domus.SC133	S00116652
mm.domus.SC134	S00114866
mm.domus.SC135	S00107201
mm.domus.SC137	S00106681
mm.domus.SC138	S00104649
mm.domus.SC139	S00103315
mm.domus.SC140	S00103791
mm.domus.SC141	S00125199
mm.domus.SC142	S00125199
mm.domus.SC143	S00123278
mm.domus.SC144	S00125089
mm.domus.SC145	S00095627
mm.domus.SC146	S00095796
mm.domus.SC147	S00095154
mm.domus.SC148	S00095636
mm.domus.SC149	S00118287
mm.domus.SC150	S00097189
mm.domus.SC151	S00130925
mm.domus.SC152	S00129455
mm.domus.SC153	S00129455
mm.domus.SC154	S00129214
mm.domus.SC155	S00122711
mm.domus.SC156	S00117705
mm.domus.SC157	S00101693
mm.domus.SC158	S00134558
mm.domus.SC159	S00118201
mm.domus.SC160	S00128716
mm.domus.SC161	S00128267
mm.domus.SC162	S00119995
mm.domus.SC163	S00098120
mm.domus.SC164	S00093956
mm.domus.SC166	S00107369
mm.domus.SC167	S00135054
mm.domus.SC168	S00097301
mm.domus.SC169	S00118010
mm.domus.SC170	S00118704
mm.domus.SC171	S00098264
mm.domus.SC172	S00110940
mm.domus.SC173	S00091037
mm.domus.SC174	S00129127
mm.domus.SC175	S00126020
mm.domus.SC176	S00094873
mm.domus.SC177	S00103329
mm.domus.SC178	S00117792
mm.domus.SC180	S00112183
mm.domus.SC181	S00099569
mm.domus.SC182	S00098488
mm.domus.SC183	S00103329
mm.domus.SC184	S00103349
mm.domus.SC185	S00092411
mm.domus.SC186	S00116679
mm.domus.SC187	S00090575
mm.domus.SC188	S00112036
mm.domus.SC189	S00120389
mm.domus.SC190	S00092010
mm.domus.SC191	S00094125
mm.domus.SC192	S00133256
mm.domus.SC193	S00117047
mm.domus.SC194	S00118117
mm.domus.SC195	S00126002
mm.domus.SC196	S00123771
mm.domus.SC197	S00118890
mm.domus.SC198	S00128994
mm.domus.SC199	S00094903
mm.domus.SC200	S00118906
mm.domus.SC201	S00135123
mm.domus.SC202	S00123526
mm.domus.SC203	S00118145
mm.domus.SC205	S00097475
mm.domus.SC208	S00111164
mm.domus.SC215	S00090540
mm.domus.SC217	S00097126
mm.domus.SC218	S00090445
mm.domus.SC220	S00090695
mm.domus.SC221	S00090695
mm.domus.SC222	S00133635
mm.domus.SC223	S00099567
mm.domus.SC224	S00116345
mm.domus.SC225	S00105935
mm.domus.SC226	S00097490
mm.domus.SC227	S00118106
mm.domus.SC228	S00126004
mm.domus.SC229	S00130977
mm.domus.SC230	S00117965
mm.domus.SC231	S00106927
mm.domus.SC232	S00098441
mm.domus.SC233	S00099539
mm.domus.SC234	S00099303
mm.domus.SC235	S00098572
mm.domus.SC236	S00121307
mm.domus.SC237	E00168356
mm.domus.SC238	S00121241
mm.domus.SC239	S00121202
mm.domus.SC240	S00121337
mm.domus.SC241	S00121359
mm.domus.SC242	S00096181
mm.domus.SC243	S00112521
mm.domus.SC244	S00112521
mm.domus.SC245	S00111170
mm.domus.SC246	S00095186
mm.domus.SC247	S00095185
mm.domus.SC249	S00095345
mm.domus.SC250	S00094112
mm.domus.SC251	S00135111
mm.domus.SC252	S00135181
mm.domus.SC253	S00135158
mm.domus.SC255	S00111153
mm.domus.SC256	S00112099
mm.domus.SC257	S00132770
mm.domus.SC258	S00130691
mm.domus.SC259	S00132770
mm.domus.SC260	S00125922
mm.domus.SC261	S00094122
mm.domus.SC262	S00094545
mm.domus.SC263	S00122120
mm.domus.SC264	S00122257
mm.domus.SC265	S00122678
mm.domus.SC266	S00095438
mm.domus.SC267	S00095442
mm.domus.SC268	S00095805
mm.domus.SC269	S00135089
mm.domus.SC270	S00094723
mm.domus.SC271	S00099989
mm.domus.SC272	S00122521
mm.domus.SC273	S00135069
mm.domus.SC274	S00101752
mm.domus.SC275	S00135238
mm.domus.SC276	S00135239
mm.domus.SC277	S00104710
mm.domus.SC279	S00103329
mm.domus.SC280	S00101789
mm.domus.SC281	S00103304
mm.domus.SC282	S00097232
mm.domus.SC283	S00103349
mm.domus.SC284	S00106885
mm.domus.SC285	S00103677
mm.domus.SC287	S00094704
mm.domus.SC288	S00110473
mm.domus.SC289	S00095752
mm.domus.SC290	S00103316
mm.domus.SC291	S00107235
mm.domus.SC293	S00107235
mm.domus.SC294	S00104851
mm.domus.SC295	S00104851
mm.domus.SC296	S00127017
mm.domus.SC297	S00118714
mm.domus.SC298	S00129014
mm.domus.SC299	S00121679
mm.domus.SC300	S00099567
mm.domus.SC301	S00095267
mm.domus.SC302	S00097227
mm.domus.SC303	S00135122
mm.domus.SC305	S00097272
mm.domus.SC306	S00128975
mm.domus.SC307	S00094031
mm.domus.SC308	S00134174
mm.domus.SC309	S00134215
mm.domus.SC310	S00103676
mm.domus.SC311	S00092343
mm.domus.SC313	S00126396
mm.domus.SC314	S00124125
mm.domus.SC315	S00124769
mm.domus.SC316	S00124638
mm.domus.SC317	S00109642
mm.domus.SC318	S00115965
mm.domus.SC319	S00104103
mm.domus.SC320	S00130793
mm.domus.SE001	E00015184
mm.domus.SE002	E00153276
mm.domus.SE003	E00168074
mm.domus.SE004	E00001425
mm.domus.SE005	E00004606
mm.domus.SE006	E00003763
mm.domus.SE007	E00024124
mm.domus.SE008	E00023841
mm.domus.SE009	E00003851
mm.domus.SE011	E00119349
mm.domus.SE012	E00111192
mm.domus.SE013	E00005206
mm.domus.SE014	E00167985
mm.domus.SE015	E00014065
mm.domus.SE016	E00004532
mm.domus.SE017	E00024030
mm.domus.SE018	E00020499
mm.domus.SE019	E00123070
mm.domus.SE020	E00008159
mm.domus.SE021	E00015166
mm.domus.SE022	E00176310
mm.domus.SE023	E00003109
mm.domus.SE024	E00023938
mm.domus.SE026	E00008770
mm.domus.SE027	E00004409
mm.domus.SE028	E00089611
mm.domus.SE029	E00010705
mm.domus.SE030	E00010819
mm.domus.SE031	E00013465
mm.domus.SE032	E00161855
mm.domus.SE033	E00023930
mm.domus.SE034	E00173212
mm.domus.SE035	E00124482
mm.domus.SE036	E00084948
mm.domus.SE037	E00012823
mm.domus.SE038	E00004524
mm.domus.SE039	E00004492
mm.domus.SE040	E00004205
mm.domus.SE041	E00004427
mm.domus.SE042	E00014928
mm.domus.SE043	E00014377
mm.domus.SE044	E00020064
mm.domus.SE045	E00123164
mm.domus.SE046	E00166978
mm.domus.SE047	E00009600
mm.domus.SE048	E00000007
mm.domus.SE049	E00013549
mm.domus.SE050	E00019494
mm.domus.SE051	E00121705
mm.domus.SE052	E00174653
mm.domus.SE053	E00000027
mm.domus.SE054	E00020008
mm.domus.SE056	E00152625
mm.domus.SE057	E00021483
mm.domus.SE058	E00023930
mm.domus.SE059	E00174921
mm.domus.SE060	E00019685
mm.domus.SE061	E00173770
mm.domus.SE062	E00174653
mm.domus.SE063	E00000502
mm.domus.SE064	E00092006
mm.domus.SE065	E00022423
mm.domus.SE066	E00022687
mm.domus.SE067	E00023945
mm.domus.SE069	E00110384
mm.domus.SE070	E00015180
mm.domus.SE071	E00109958
mm.domus.SE072	E00109966
mm.domus.SE073	E00174659
mm.domus.SE074	E00109966
mm.domus.SE075	E00001187
mm.domus.SE076	E00014101
mm.domus.SE077	E00171576
mm.domus.SE078	E00125106
mm.domus.SE079	E00124207
mm.domus.SE080	E00109955
mm.domus.SE081	E00116850
mm.domus.SE082	E00012764
mm.domus.SE083	E00021595
mm.domus.SE084	E00082570
mm.domus.SE085	E00157587
mm.domus.SE087	E00118146
mm.domus.SE088	E00008149
mm.domus.SE089	E00118715
mm.domus.SE090	E00125064
mm.domus.SE091	E00155283
mm.domus.SE092	E00091618
mm.domus.SE093	E00021628
mm.domus.SE094	E00174487
mm.domus.SE095	E00117995
mm.domus.SE096	E00023839
mm.domus.SE097	E00082614
mm.domus.SE098	E00117556
mm.domus.SE099	E00160674
mm.domus.SE100	E00119086
mm.domus.SE101	E00136434
mm.domus.SE102	E00173827
mm.domus.SE103	E00136434
mm.domus.SE104	E00136572
mm.domus.SE105	E00173827
mm.domus.SE106	E00135282
mm.domus.SE107	E00169829
mm.domus.SE109	E00118195
mm.domus.SE110	E00135285
mm.domus.SE111	E00135699
mm.domus.SE112	E00135693
mm.domus.SE113	E00135911
mm.domus.SE114	E00134427
mm.domus.SE115	E00136190
mm.domus.SE116	E00134510
mm.domus.SE117	E00146245
mm.domus.SE118	E00136748
mm.domus.SE119	E00155200
mm.domus.SE121	E00122462
mm.domus.SE122	E00091270
mm.domus.SE123	E00117556
mm.domus.SE125	E00024113
mm.domus.SE126	E00136000
mm.domus.SE127	
mm.domus.SE128	
mm.domus.SE129	E00006889
mm.domus.SE130	
mm.domus.SE131	E00078897
mm.domus.SE132	
mm.domus.SE133	E00155200
mm.domus.SE134	E00136119
mm.domus.SE135	E00134446
mm.domus.SE136	E00135695
mm.domus.SE137	E00134546
mm.domus.SE138	E00137054
mm.domus.SE139	E00161981
mm.domus.SE140	E00086506
mm.domus.SE141	E00174453
mm.domus.SE142	E00145731
mm.domus.SE143	E00160587
mm.domus.SE146	E00019594
mm.domus.SE147	E00123098
mm.domus.SE148	E00111094
mm.domus.SE149	E00110989
mm.domus.SE150	E00167814
mm.domus.SE152	E00134275
mm.domus.SE153	E00134907
mm.domus.SE154	E00136758
mm.domus.SE155	E00091658
mm.domus.SE156	E00083591
mm.domus.SE157	E00162914
mm.domus.SE158	E00167384
mm.domus.SE159	E00155456
mm.domus.SE160	E00024112
mm.domus.SE161	E00146493
mm.domus.SE162	E00172567
mm.domus.SE164	E00118200
mm.domus.SE165	E00118215
mm.domus.SE166	E00118200
mm.domus.SE167	E00152862
mm.domus.SE168	E00014093
mm.domus.SE169	E00117556
mm.domus.SE170	E00146109
mm.domus.SE171	E00117585
mm.domus.SE172	E00153728
mm.domus.SE173	E00119787
mm.domus.SE174	E00160061
mm.domus.SE175	E00153444
mm.domus.SE177	E00114775
mm.domus.SE178	E00117905
mm.domus.SE179	E00146805
mm.domus.SE180	E00145417
mm.domus.SE181	E00144920
mm.domus.SE182	E00173204
mm.domus.SE183	E00146742
mm.domus.SE184	E00087377
mm.domus.SE185	E00087614
mm.domus.SE187	E00107095
mm.domus.SE188	E00123046
mm.domus.SE189	E00119133
mm.domus.SE190	E00002003
mm.domus.SE191	E00001600
mm.domus.SE192	E00107138
mm.domus.SE193	E00107286
mm.domus.SE194	E00083787
mm.domus.SE195	E00080382
mm.domus.SE196	E00080382
mm.domus.SE197	E00087505
mm.domus.SE198	E00145090
mm.domus.SE199	E00108917
mm.domus.SE200	E00108517
mm.domus.SE201	E00111657
mm.domus.SE202	E00089343
mm.domus.SE204	E00089004
mm.domus.SE205	E00154793
mm.domus.SE208	E00108641
mm.domus.SE209	E00155015
mm.domus.SE210	E00085496
mm.domus.SE211	E00085698
mm.domus.SE212	E00085481
mm.domus.SE213	E00085698
mm.domus.SE214	E00122478
mm.domus.SE215	E00122207
mm.domus.SE216	E00122478
mm.domus.SE218	E00117905
mm.domus.SE219	E00116929
mm.domus.SE220	E00114402
mm.domus.SE221	E00114775
mm.domus.SE222	E00115032
mm.domus.SE224	E00078840
mm.domus.SE225	E00090521
mm.domus.SE226	E00167076
mm.domus.SE227	E00119664
mm.domus.SE228	E00090871
mm.domus.SE229	E00087344
mm.domus.SE230	E00086032
mm.domus.SE231	E00086202
mm.domus.SE232	E00107405
mm.domus.SE233	E00000021
mm.domus.SE234	E00109617
mm.domus.SE235	E00156353
mm.domus.SE236	E00160563
mm.domus.SE237	E00089602
mm.domus.SE240	E00084750
mm.domus.SE241	E00086477
mm.domus.SE242	E00161780
mm.domus.SE243	E00003614
mm.domus.SE245	E00091562
mm.domus.SE246	E00080065
mm.domus.SE247	E00080175
mm.domus.SE248	E00121985
mm.domus.SE249	E00111138
mm.domus.SE250	E00122478
mm.domus.SE251	E00122478
mm.domus.SE252	E00125817
mm.domus.SE253	E00091378
mm.domus.SE254	E00118197
mm.domus.SE255	E00118141
mm.domus.SE256	E00154133
mm.domus.SE257	E00122846
mm.domus.SE258	E00155726
mm.domus.SE259	E00145797
mm.domus.SE260	E00122764
mm.domus.SE261	E00125111
mm.domus.SE263	E00174963
mm.domus.SE264	E00163150
mm.domus.SE265	E00110838
mm.domus.SE267	E00090931
mm.domus.SE268	E00154595
mm.domus.SE269	E00156407
mm.domus.SE270	E00086327
mm.domus.SE271	E00109617
mm.domus.SE272	E00157473
mm.domus.SE273	E00112183
mm.domus.SE274	E00004334
mm.domus.SE275	E00008348
mm.domus.SE276	E00167021
mm.domus.SE277	E00086586
mm.domus.SE278	E00086564
mm.domus.SE279	E00086564
mm.domus.SE281	E00152472
mm.domus.SE282	E00157618
mm.domus.SE284	E00155334
mm.domus.SE285	E00081540
mm.domus.SE286	E00006993
mm.domus.SE287	E00169108
mm.domus.SE288	E00089329
mm.domus.SE289	E00124618
mm.domus.SE290	E00155341
mm.domus.SE291	E00119251
mm.domus.SE292	E00122230
mm.domus.SE293	E00161375
mm.domus.SE294	E00153517
mm.domus.SE295	E00118160
mm.domus.SE296	E00115160
mm.domus.SE297	E00116656
mm.domus.SE298	E00106602
mm.domus.SE299	E00106652
mm.domus.SE300	E00157690
mm.domus.SE301	E00154264
mm.domus.SE302	E00012774
mm.domus.SE303	E00166757
mm.domus.SE304	E00153008
mm.domus.SE305	E00152947
mm.domus.SE306	E00088054
mm.domus.SE307	E00085778
mm.domus.SE308	E00161339
mm.domus.SE309	E00016455
mm.domus.SE310	E00109955
mm.domus.SE311	E00120121
mm.domus.SE312	E00167384
mm.domus.SE315	E00087422
mm.domus.SE316	E00013579
mm.domus.SE317	E00153328
mm.domus.SE318	E00153844
mm.domus.SE319	E00012764
mm.domus.SE320	E00123962
mm.domus.SE321	
mm.domus.SE322	S00097126
mm.domus.SE323	E00155838
mm.domus.SE324	E00120079
mm.domus.SE326	E00160399
mm.domus.SE327	E00118200
mm.domus.SE328	E00152358
mm.domus.SE329	E00014385
mm.domus.SE330	E00079582
mm.domus.SE331	E00153919
mm.domus.SE332	E00000967
mm.domus.SE333	E00170362
mm.domus.SE334	E00170362
mm.domus.SE335	E00091250
mm.domus.SE336	E00122997
mm.domus.SE337	E00086047
mm.domus.SE338	E00010329
mm.domus.SE339	E00079582
mm.domus.SE340	E00118494
mm.domus.SE341	E00152507
mm.domus.SE343	E00086477
mm.domus.SE345	E00166690
mm.domus.SE346	E00106649
mm.domus.SE347	E00107271
mm.domus.SE348	E00112173
mm.domus.SE349	E00120139
mm.domus.SE350	E00115865
mm.domus.SE351	E00086047
mm.domus.SE352	E00146492
mm.domus.SE353	E00157057
mm.domus.SE354	E00152372
mm.domus.SE356	E00079549
mm.domus.SE357	E00161583
mm.domus.SE358	E00120644
mm.domus.SE359	E00083471
mm.domus.SE360	E00090923
mm.domus.SE361	E00167807
mm.domus.SE362	E00117997
mm.domus.SE363	E00021733
mm.domus.SE364	E00120583
mm.domus.SE365	E00120230
mm.domus.SE366	E00146524
mm.domus.SE367	E00122998
mm.domus.SE368	E00080705
mm.domus.SE369	E00078990
mm.domus.SE370	E00174679
mm.domus.SE371	E00082480
mm.domus.SE372	E00121974
mm.domus.SE373	E00106267
mm.domus.SE374	E00125986
mm.domus.SE375	E00090710
mm.domus.SE376	E00090710
mm.domus.SE377	E00167076
mm.domus.SE378	E00090710
mm.domus.SE379	E00090710
mm.domus.SE380	E00090710
mm.domus.SE381	E00090710
mm.domus.SE382	E00090723
mm.domus.SE383	E00023930
mm.domus.SE384	E00174653
mm.domus.SE386	E00174653
mm.domus.SE387	E00004177
mm.domus.SE388	E00145301
mm.domus.SE389	E00145417
mm.domus.SE390	E00145417
mm.domus.SE391	E00083877
mm.domus.SE392	E00172567
mm.domus.SE393	E00172567
mm.domus.SE394	E00145303
mm.domus.SE395	E00146062
mm.domus.SE396	E00115053
mm.domus.SE397	E00022191
mm.domus.SE398	E00087693
mm.domus.SE399	E00017538
mm.domus.SE400	E00169712
mm.domus.SE402	E00091326
mm.domus.SE403	E00123082
mm.domus.SE404	E00115500
mm.domus.SE405	E00160524
mm.domus.SE406	E00017527
mm.domus.SE407	E00154063
mm.domus.SE408	E00091270
mm.domus.SE409	E00107189
mm.domus.SE410	E00153369
mm.domus.SE411	E00162114
mm.domus.SE412	E00090414
mm.domus.SE413	E00121917
mm.domus.SE414	E00173773
mm.domus.SE415	E00161282
mm.domus.SE416	E00106864
mm.domus.SE417	E00106844
mm.domus.SE418	E00154146
mm.domus.SE419	E00106786
mm.domus.SE420	E00124133
mm.domus.SE421	E00173773
mm.domus.SE422	E00156738
mm.domus.SE423	E00009644
mm.domus.SE424	E00154492
mm.domus.SE425	E00159929
mm.domus.SE426	E00107669
mm.domus.SE427	E00153396
mm.domus.SE428	E00079015
mm.domus.SE429	E00174653
mm.domus.SE430	E00154466
mm.domus.SE431	E00107017
mm.domus.SE432	E00160457
mm.domus.SE434	E00118076
mm.domus.SE435	E00119423
mm.domus.SE439	E00145714
mm.domus.SE440	E00154189
mm.domus.SE441	E00122845
mm.domus.SE442	E00110039
mm.domus.SE444	E00023935
mm.domus.SE445	E00174772
mm.domus.SE446	E00153383
mm.domus.SE447	E00023936
mm.domus.SE448	E00117556
mm.domus.SE449	E00173839
mm.domus.SE451	E00123542
mm.domus.SE452	E00166978
mm.domus.SE453	E00086191
mm.domus.SE454	E00161132
mm.domus.SE455	E00160986
mm.domus.SE456	E00106137
mm.domus.SE457	E00106137
mm.domus.SE458	E00106137
mm.domus.SE459	E00171556
mm.domus.SE460	E00116480
mm.domus.SE461	E00117081
mm.domus.SE462	E00107279
mm.domus.SE463	E00157302
mm.domus.SE464	E00089077
mm.domus.SE466	E00166725
mm.domus.SE467	E00124810
mm.domus.SE468	E00087432
mm.domus.SE469	E00089077
mm.domus.SE470	E00170362
mm.domus.SE471	E00014519
mm.domus.SE472	E00019590
mm.domus.SE473	E00012823
mm.domus.SE474	E00008176
mm.domus.SE475	E00087523
mm.domus.SE478	E00112168
mm.domus.SE480	E00017092
mm.domus.SE481	E00106899
mm.domus.SE482	E00171397
mm.domus.SE483	E00170375
mm.domus.SE484	E00023821
mm.domus.SE485	E00167384
mm.domus.SE486	E00145964
mm.domus.SE488	E00154801
mm.domus.SE489	E00123887
mm.domus.SE490	E00106649
mm.domus.SE491	E00091466
mm.domus.SE492	E00080139
mm.domus.SE493	E00153852
mm.domus.SE494	E00135285
mm.domus.SE495	E00135285
mm.domus.SE496	E00000994
mm.domus.SE498	E00115684
mm.domus.SE499	E00107097
mm.domus.SE500	E00122845
mm.domus.SE501	E00123131
mm.domus.SE503	E00146644
mm.domus.SE504	E00091748
mm.domus.SE505	E00092288
mm.domus.SE506	E00013944
mm.domus.SE507	E00014101
mm.domus.SE508	E00175189
mm.domus.SE509	E00016097
mm.domus.SE510	E00004694
mm.domus.SE511	E00174890
mm.domus.SE513	E00176509
mm.domus.SE514	E00090170
mm.domus.SE515	E00089471
mm.domus.SE516	E00089381
mm.domus.SE517	E00090385
mm.domus.SE518	E00082135
mm.domus.SE519	E00173259
mm.domus.SE520	E00014228
mm.domus.SE521	E00004405
mm.domus.SE522	E00013303
mm.domus.SE523	E00008620
mm.domus.SE524	E00004420
mm.domus.SE525	E00146255
mm.domus.SE526	E00146662
mm.domus.SE527	E00145749
mm.domus.SE528	E00107169
mm.domus.SE529	E00107282
mm.domus.SE530	E00106822
mm.domus.SE531	E00124270
mm.domus.SE532	E00125656
mm.domus.SE533	E00124207
mm.domus.SE534	E00123369
mm.domus.SE535	E00124268
mm.domus.SE536	E00125900
mm.domus.SE537	E00121897
mm.domus.SE538	E00134678
mm.domus.SE539	E00090861
mm.domus.SE540	E00091291
mm.domus.SE541	E00092180
mm.domus.SE542	E00108597
mm.domus.SE543	E00136085
mm.domus.SE544	E00134376
mm.domus.SE545	E00153548
mm.domus.SE546	E00152294
mm.domus.SE547	E00155675
mm.domus.SE548	E00118000
mm.domus.SE549	E00117769
mm.domus.SE550	E00114624
mm.domus.SE551	E00087333
mm.domus.SE552	E00019200
mm.domus.SE553	E00155283
mm.domus.SE554	E00155407
mm.domus.SE555	E00157738
mm.domus.SE556	E00161622
mm.domus.SE557	E00160731
mm.domus.SE558	E00161828
mm.domus.SE559	E00160685
mm.domus.SE560	E00169096
mm.domus.SE561	E00112058
mm.domus.SE562	E00118200
mm.domus.SE563	E00136688
mm.domus.SE564	E00018544
mm.domus.SE565	E00160846
mm.domus.SE566	E00014101
mm.domus.SE567	E00122050
mm.domus.SE568	E00175208
mm.domus.SE570	E00004524
mm.domus.SE571	
mm.domus.SE572	E00115024
mm.domus.SE573	E00014601
mm.domus.SE575	E00175249
mm.domus.SE576	E00154271
mm.domus.SE577	E00146336
mm.domus.SE578	E00089542
mm.domus.SE579	E00003650
mm.domus.SE580	E00087492
mm.domus.SE581	E00085566
mm.domus.SE582	E00000025
mm.domus.SE583	E00023935
mm.domus.SE584	E00023676
mm.domus.SE585	E00013254
mm.domus.SE586	E00107279
mm.domus.SE587	E00124009
mm.domus.SE588	E00120086
mm.domus.SE589	E00110403
mm.domus.SE590	E00136108
mm.domus.SE591	E00173905
mm.domus.SE592	E00088130
mm.domus.SE593	E00154470
mm.domus.SE595	E00153989
mm.domus.SE596	E00136147
mm.domus.SE597	E00168127
mm.domus.SE598	E00086058
mm.domus.SE599	E00114262
mm.domus.SE600	E00114647
mm.domus.SE601	E00020304
mm.domus.SE602	E00004734
mm.domus.SE603	E00122263
mm.domus.SE604	E00155200
mm.domus.SE605	E00135285
mm.domus.SE606	E00125390
mm.domus.SW001	E00148264
mm.domus.SW002	E00149485
mm.domus.SW003	E00162931
mm.domus.SW004	E00072796
mm.domus.SW005	E00072573
mm.domus.SW006	E00076739
mm.domus.SW007	E00073417
mm.domus.SW008	E00174240
mm.domus.SW009	E00174310
mm.domus.SW010	E00073433
mm.domus.SW011	E00174307
mm.domus.SW012	E00073757
mm.domus.SW013	E00095609
mm.domus.SW014	E00163467
mm.domus.SW016	E00149097
mm.domus.SW017	E00095633
mm.domus.SW018	E00095109
mm.domus.SW019	E00102737
mm.domus.SW020	E00148603
mm.domus.SW021	E00112435
mm.domus.SW022	E00112505
mm.domus.SW023	E00112509
mm.domus.SW024	E00076044
mm.domus.SW025	E00076573
mm.domus.SW026	E00101796
mm.domus.SW027	E00102149
mm.domus.SW028	E00095113
mm.domus.SW029	E00112804
mm.domus.SW030	E00112901
mm.domus.SW031	E00072636
mm.domus.SW032	E00157476
mm.domus.SW033	E00148674
mm.domus.SW034	E00162873
mm.domus.SW035	E00102491
mm.domus.SW036	E00113145
mm.domus.SW037	E00113103
mm.domus.SW038	E00102227
mm.domus.SW039	E00104064
mm.domus.SW041	E00163755
mm.domus.SW042	E00104059
mm.domus.SW043	E00074002
mm.domus.SW044	E00100820
mm.domus.SW045	E00103572
mm.domus.SW046	E00103765
mm.domus.SW047	E00103052
mm.domus.SW048	E00102999
mm.domus.SW049	E00072573
mm.domus.SW050	E00072574
mm.domus.SW052	E00072587
mm.domus.SW053	E00102802
mm.domus.SW054	E00101845
mm.domus.SW055	E00163295
mm.domus.SW056	E00114194
mm.domus.SW057	E00114194
mm.domus.SW058	E00095682
mm.domus.SW059	E00104130
mm.domus.SW060	E00162483
mm.domus.SW061	E00163401
mm.domus.SW063	E00103606
mm.domus.SW064	E00147924
mm.domus.SW065	E00113600
mm.domus.SW066	E00113595
mm.domus.SW067	E00162629
mm.domus.SW068	E00103005
mm.domus.SW069	E00078787
mm.domus.SW070	E00078374
mm.domus.SW071	E00078412
mm.domus.SW072	E00078806
mm.domus.SW073	E00078806
mm.domus.SW074	E00166492
mm.domus.SW075	E00101754
mm.domus.SW076	E00101754
mm.domus.SW077	E00148928
mm.domus.SW078	E00095968
mm.domus.SW079	E00113599
mm.domus.SW080	E00102405
mm.domus.SW081	E00102694
mm.domus.SW082	E00072763
mm.domus.SW083	E00094765
mm.domus.SW084	E00095967
mm.domus.SW085	E00095124
mm.domus.SW086	E00103513
mm.domus.SW087	E00162967
mm.domus.SW088	E00171921
mm.domus.SW091	E00101308
mm.domus.SW092	E00171931
mm.domus.SW093	E00100896
mm.domus.SW094	E00100965
mm.domus.SW095	E00072574
mm.domus.SW096	E00072812
mm.domus.SW097	E00101578
mm.domus.SW098	E00096153
mm.domus.SW099	E00072755
mm.domus.SW100	E00078205
mm.domus.SW101	E00078205
mm.domus.SW102	E00101402
mm.domus.SW103	E00102657
mm.domus.SW104	E00095616
mm.domus.SW105	E00162468
mm.domus.SW106	E00113621
mm.domus.SW107	E00072611
mm.domus.SW108	E00162945
mm.domus.SW109	E00172087
mm.domus.SW110	E00077270
mm.domus.SW111	E00096405
mm.domus.SW112	E00163330
mm.domus.SW113	E00162912
mm.domus.SW114	E00162464
mm.domus.SW115	E00148101
mm.domus.SW116	E00113961
mm.domus.SW117	E00103691
mm.domus.SW118	E00166001
mm.domus.SW119	E00166435
mm.domus.SW120	E00166376
mm.domus.SW121	E00074765
mm.domus.SW122	E00166740
mm.domus.SW123	E00147934
mm.domus.SW124	E00166740
mm.domus.SW125	E00166080
mm.domus.SW126	E00103672
mm.domus.SW127	E00174240
mm.domus.SW128	E00163330
mm.domus.SW129	E00102170
mm.domus.SW130	E00171733
mm.domus.SW131	E00166076
mm.domus.SW132	E00172802
mm.domus.SW133	E00096385
mm.domus.SW134	E00113689
mm.domus.SW135	E00114196
mm.domus.SW136	E00075589
mm.domus.SW137	E00101527
mm.domus.SW138	E00077167
mm.domus.SW139	E00077111
mm.domus.SW140	E00102868
mm.domus.SW141	E00102235
mm.domus.SW142	E00096002
mm.domus.SW143	E00073433
mm.domus.SW144	E00073417
mm.domus.SW145	E00103866
mm.domus.SW146	E00149509
mm.domus.SW147	E00104030
mm.domus.SW148	E00114232
mm.domus.SW150	E00094814
mm.domus.SW151	E00103959
mm.domus.SW152	E00101739
mm.domus.SW153	E00162563
mm.domus.SW154	E00094873
mm.domus.SW155	E00114103
mm.domus.SW156	E00101013
mm.domus.SW157	E00102307
mm.domus.SW158	E00113599
mm.domus.SW159	E00101916
mm.domus.SW160	E00074829
mm.domus.SW161	E00100682
mm.domus.SW162	E00072579
mm.domus.SW163	E00096195
mm.domus.SW164	E00149476
mm.domus.SW165	E00095720
mm.domus.SW166	E00104300
mm.domus.SW167	E00103706
mm.domus.SW168	E00114235
mm.domus.SW169	E00103835
mm.domus.SW170	E00096069
mm.domus.SW171	E00101966
mm.domus.SW172	E00095350
mm.domus.SW173	E00100638
mm.domus.SW174	E00072756
mm.domus.SW175	E00072584
mm.domus.SW176	E00163295
mm.domus.SW177	E00072981
mm.domus.SW178	E00096068
mm.domus.SW179	E00103749
mm.domus.SW181	E00112931
mm.domus.SW182	E00172784
mm.domus.SW183	E00095933
mm.domus.SW184	E00095184
mm.domus.SW185	E00172825
mm.domus.SW186	E00102057
mm.domus.SW187	E00148138
mm.domus.SW188	E00103900
mm.domus.SW189	E00104404
mm.domus.SW190	E00149200
mm.domus.SW191	E00095484
mm.domus.SW192	E00072573
mm.domus.SW193	E00162629
mm.domus.SW195	E00103203
mm.domus.SW196	E00162545
mm.domus.SW197	E00101132
mm.domus.SW198	E00094811
mm.domus.SW199	E00094666
mm.domus.SW200	E00094666
mm.domus.SW201	E00095668
mm.domus.SW202	E00095656
mm.domus.SW203	E00095933
mm.domus.SW204	E00095078
mm.domus.SW205	E00117663
mm.domus.SW206	E00149436
mm.domus.SW207	E00096029
mm.domus.SW208	E00103877
mm.domus.SW209	E00148337
mm.domus.SW210	E00149436
mm.domus.SW211	E00075124
mm.domus.SW212	E00163439
mm.domus.SW213	E00104000
mm.domus.SW214	E00103421
mm.domus.SW215	E00162911
mm.domus.SW216	E00163227
mm.domus.SW217	E00148800
mm.domus.SW218	E00163330
mm.domus.SW219	E00148817
mm.domus.SW220	E00163223
mm.domus.SW221	E00163409
mm.domus.SW222	E00148643
mm.domus.SW223	E00163521
mm.domus.SW224	E00114141
mm.domus.SW225	E00114219
mm.domus.SW226	E00076574
mm.domus.SW227	E00095939
mm.domus.SW228	E00148418
mm.domus.SW229	E00148526
mm.domus.SW230	E00100773
mm.domus.SW231	E00101723
mm.domus.SW234	E00102922
mm.domus.SW235	E00102940
mm.domus.SW236	E00102062
mm.domus.SW237	E00100667
mm.domus.SW238	E00101489
mm.domus.SW239	E00100667
mm.domus.SW240	E00102169
mm.domus.SW241	E00076449
mm.domus.SW242	E00112760
mm.domus.SW243	E00112917
mm.domus.SW244	E00094758
mm.domus.SW245	E00077808
mm.domus.SW246	E00165856
mm.domus.WA002	W00008049
mm.domus.WA003	W00008261
mm.domus.WA004	W00008096
mm.domus.WA005	W00002740
mm.domus.WA006	W00000318
mm.domus.WA007	W00000020
mm.domus.WA009	W00000458
mm.domus.WA010	W00000616
mm.domus.WA011	W00000129
mm.domus.WA012	W00001021
mm.domus.WA013	W00001959
mm.domus.WA014	W00001291
mm.domus.WA015	W00001039
mm.domus.WA016	W00007774
mm.domus.WA017	W00000476
mm.domus.WA018	W00002634
mm.domus.WA019	W00002488
mm.domus.WA020	W00002665
mm.domus.WA021	W00002417
mm.domus.WA022	W00003358
mm.domus.WA024	W00003349
mm.domus.WA025	W00003115
mm.domus.WA026	W00010117
mm.domus.WA027	W00008096
mm.domus.WA028	W00004884
mm.domus.WA029	W00005719
mm.domus.WA030	W00006069
mm.domus.WA031	W00006843
mm.domus.WA033	W00003990
mm.domus.WA034	W00004009
mm.domus.WA035	W00003999
mm.domus.WA037	W00008313
mm.domus.WA038	W00000184
mm.domus.WA039	W00006850
mm.domus.WA040	W00006778
mm.domus.WA041	W00005555
mm.domus.WA042	W00001879
mm.domus.WA044	W00010032
mm.domus.WA045	W00002122
mm.domus.WA046	W00007876
mm.domus.WA047	W00007959
mm.domus.WA048	W00000486
mm.domus.WA049	W00003159
mm.domus.WA050	W00000612
mm.domus.WA051	W00004997
mm.domus.WA052	W00009869
mm.domus.WA053	W00008733
mm.domus.WA054	W00009792
mm.domus.WA055	W00000064
mm.domus.WA056	W00001112
mm.domus.WA057	W00006597
mm.domus.WA059	W00008919
mm.domus.WA060	W00002636
mm.domus.WA061	W00002556
mm.domus.WA062	W00006191
mm.domus.WA063	W00004898
mm.domus.WA064	W00003337
mm.domus.WA065	W00002738
mm.domus.WA066	W00010054
mm.domus.WA067	E00106264
mm.domus.WA069	W00003191
mm.domus.WA070	W00001583
mm.domus.WA071	W00005314
mm.domus.WA072	W00000789
mm.domus.WA073	W00002571
mm.domus.WA074	W00000381
mm.domus.WA075	W00000325
mm.domus.WA076	W00000536
mm.domus.WA077	W00000255
mm.domus.WA078	W00002103
mm.domus.WA079	W00006521
mm.domus.WA081	W00002283
mm.domus.WA082	W00000564
mm.domus.WA083	W00003608
mm.domus.WA084	W00002523
mm.domus.WA085	W00010117
mm.domus.WA086	W00008440
mm.domus.WA087	W00010221
mm.domus.WA088	W00000503
mm.domus.WA089	E00000027
mm.domus.WA090	W00003706
mm.domus.WA091	W00000325
mm.domus.WA092	W00001931
mm.domus.WA093	W00000132
mm.domus.WA094	W00000691
mm.domus.WA095	W00000230
mm.domus.WA096	W00000691
mm.domus.WA097	W00001010
mm.domus.WA098	W00001010
mm.domus.WA099	W00000849
mm.domus.WA100	W00010073
mm.domus.WA101	W00002641
mm.domus.WA102	W00010048
mm.domus.WA103	W00003031
mm.domus.WM001	E00164063
mm.domus.WM002	E00151907
mm.domus.WM003	E00164380
mm.domus.WM004	E00164380
mm.domus.WM005	E00172303
mm.domus.WM006	E00147396
mm.domus.WM007	E00164648
mm.domus.WM008	E00150475
mm.domus.WM009	E00164322
mm.domus.WM010	E00164648
mm.domus.WM011	E00164713
mm.domus.WM012	E00172272
mm.domus.WM013	E00167323
mm.domus.WM014	E00052611
mm.domus.WM015	E00053043
mm.domus.WM016	E00159715
mm.domus.WM017	E00159679
mm.domus.WM018	E00159689
mm.domus.WM019	E00159333
mm.domus.WM020	E00158748
mm.domus.WM021	E00147397
mm.domus.WM022	E00147350
mm.domus.WM023	E00147399
mm.domus.WM024	E00152039
mm.domus.WM025	E00164957
mm.domus.WM027	E00165181
mm.domus.WM028	E00171613
mm.domus.WM029	E00159224
mm.domus.WM030	E00159258
mm.domus.WM031	E00158976
mm.domus.WM032	E00159254
mm.domus.WM033	E00159250
mm.domus.WM034	E00147633
mm.domus.WM035	E00146940
mm.domus.WM036	E00147735
mm.domus.WM037	E00172150
mm.domus.WM038	E00174579
mm.domus.WM039	E00165385
mm.domus.WM040	E00159717
mm.domus.WM041	E00047326
mm.domus.WM042	E00049371
mm.domus.WM043	E00050006
mm.domus.WM044	E00049700
mm.domus.WM045	E00151809
mm.domus.WM046	E00164122
mm.domus.WM047	E00168257
mm.domus.WM048	E00168245
mm.domus.WM049	E00168257
mm.domus.WM050	E00052255
mm.domus.WM051	E00168256
mm.domus.WM052	E00159642
mm.domus.WM053	E00151735
mm.domus.WM054	E00072209
mm.domus.WM055	E00165047
mm.domus.WM056	E00149727
mm.domus.WM057	E00164147
mm.domus.WM058	E00172172
mm.domus.WM059	E00159640
mm.domus.WM060	E00072125
mm.domus.WM061	E00072390
mm.domus.WM062	E00072129
mm.domus.WM063	E00175652
mm.domus.WM064	E00175679
mm.domus.WM065	E00045222
mm.domus.WM066	E00048155
mm.domus.WM067	E00048098
mm.domus.WM068	E00045857
mm.domus.WM070	E00046572
mm.domus.WM071	E00070856
mm.domus.WM072	E00052551
mm.domus.WM073	E00164713
mm.domus.WM074	E00071088
mm.domus.WM075	E00171624
mm.domus.WM076	E00158829
mm.domus.WM077	E00159258
mm.domus.WM078	E00150441
mm.domus.WM079	E00164296
mm.domus.WM080	E00158612
mm.domus.WM081	E00045648
mm.domus.WM082	E00045648
mm.domus.WM085	E00159689
mm.domus.WM086	E00150708
mm.domus.WM087	E00050050
mm.domus.WM088	E00172213
mm.domus.WM089	E00166308
mm.domus.WM090	E00175708
mm.domus.WM092	E00072164
mm.domus.WM093	E00071092
mm.domus.WM094	E00175610
mm.domus.WM095	E00146851
mm.domus.WM097	E00070917
mm.domus.WM098	E00159679
mm.domus.WM099	E00047103
mm.domus.WM100	E00166308
mm.domus.WM101	E00151388
mm.domus.WM103	E00166308
mm.domus.WM104	E00151530
mm.domus.WM106	E00151307
mm.domus.WM107	E00151808
mm.domus.WM108	E00070727
mm.domus.WM109	E00070589
mm.domus.WM110	E00070725
mm.domus.WM111	E00051042
mm.domus.WM112	E00050514
mm.domus.WM113	E00050333
mm.domus.WM115	E00050352
mm.domus.WM116	E00147583
mm.domus.WM117	E00150431
mm.domus.WM118	E00151174
mm.domus.WM119	E00164011
mm.domus.WM120	E00159085
mm.domus.WM121	E00147205
mm.domus.WM122	E00045656
mm.domus.WM123	E00159084
mm.domus.WM124	E00071449
mm.domus.WM125	E00071451
mm.domus.WM126	E00071294
mm.domus.WM127	E00071452
mm.domus.WM129	E00071451
mm.domus.WM130	E00146887
mm.domus.WM131	E00159254
mm.domus.WM132	E00047443
mm.domus.WM134	E00159501
mm.domus.WM135	E00053271
mm.domus.WM136	E00151388
mm.domus.WM137	E00151000
mm.domus.WM138	E00146828
mm.domus.WM139	E00146882
mm.domus.WM140	E00147467
mm.domus.WM141	E00147279
mm.domus.WM142	E00164777
mm.domus.WM143	E00050149
mm.domus.WM144	E00071155
mm.domus.WM145	E00147640
mm.domus.WM146	E00158748
mm.domus.WM147	W00002591
mm.domus.YH001	E00037597
mm.domus.YH002	E00067493
mm.domus.YH003	E00169783
mm.domus.YH004	E00057830
mm.domus.YH005	E00057873
mm.domus.YH006	E00169814
mm.domus.YH007	E00057556
mm.domus.YH008	E00169783
mm.domus.YH009	E00056961
mm.domus.YH010	E00055504
mm.domus.YH011	E00055684
mm.domus.YH012	E00056124
mm.domus.YH013	E00055812
mm.domus.YH014	E00055703
mm.domus.YH015	E00056673
mm.domus.YH016	E00055983
mm.domus.YH017	E00060090
mm.domus.YH018	E00055936
mm.domus.YH020	E00040903
mm.domus.YH021	E00172409
mm.domus.YH022	E00040453
mm.domus.YH023	E00040173
mm.domus.YH024	E00039827
mm.domus.YH026	E00172410
mm.domus.YH027	E00172411
mm.domus.YH029	E00067493
mm.domus.YH030	E00067490
mm.domus.YH031	E00067749
mm.domus.YH032	E00140451
mm.domus.YH033	E00066902
mm.domus.YH034	E00141566
mm.domus.YH035	E00053837
mm.domus.YH036	E00054602
mm.domus.YH037	E00053571
mm.domus.YH038	E00054117
mm.domus.YH039	E00053958
mm.domus.YH040	E00053353
mm.domus.YH043	E00037597
mm.domus.YH044	E00037175
mm.domus.YH045	E00037805
mm.domus.YH046	E00065739
mm.domus.YH047	E00141966
mm.domus.YH048	E00067490
mm.domus.YH049	E00141337
mm.domus.YH050	E00056186
mm.domus.YH051	E00176106
mm.domus.YH052	E00140380
mm.domus.YH053	E00038726
mm.domus.YH054	E00038454
mm.domus.YH055	E00039076
mm.domus.YH056	E00039083
mm.domus.YH057	E00037595
mm.domus.YH058	E00066086
mm.domus.YH059	E00140824
mm.domus.YH060	E00058295
mm.domus.YH061	E00141418
mm.domus.YH063	E00065582
mm.domus.YH064	E00067493
mm.domus.YH065	E00141426
mm.domus.YH066	E00140267
mm.domus.YH068	E00038726
mm.domus.YH069	E00067445
mm.domus.YH070	E00057753
mm.domus.YH071	E00065829
mm.domus.YH072	E00057556
mm.domus.YH073	E00058809
mm.domus.YH074	E00067493
mm.domus.YH075	E00140362
mm.domus.YH076	E00141081
mm.domus.YH077	E00067287
mm.domus.YH079	E00067065
mm.domus.YH080	E00141559
mm.domus.YH081	E00141462
mm.domus.YH082	E00065600
mm.domus.YH083	E00065272
mm.domus.YH084	E00141644
mm.domus.YH085	E00141644
mm.domus.YH086	E00141644
mm.domus.YH087	E00141784
mm.domus.YH088	E00141113
mm.domus.YH089	E00141400
mm.domus.YH090	E00058508
mm.domus.YH091	E00141997
mm.domus.YH092	E00066031
mm.domus.YH093	E00039076
mm.domus.YH094	E00067476
mm.domus.YH095	E00067493
mm.domus.YH096	E00067488
mm.domus.YH097	E00168744
mm.domus.YH099	E00060202
mm.domus.YH101	E00054717
mm.domus.YH102	E00067906
mm.domus.YH103	E00067493
mm.domus.YH104	E00140515
mm.domus.YH105	E00140707
mm.domus.YH106	E00170749
mm.domus.YH107	E00169746
mm.domus.YH108	E00172499
mm.domus.YH109	E00040772
mm.domus.YH110	E00054064
mm.domus.YH111	E00055247
mm.domus.YH112	E00055109
mm.domus.YH113	E00055407
mm.domus.YH115	E00055202
mm.domus.YH116	E00054864
mm.domus.YH117	E00060144
mm.domus.YH118	E00168726
mm.domus.YH119	E00059688
mm.domus.YH120	E00059290
mm.domus.YH122	E00168743
mm.domus.YH123	E00059699
mm.domus.YH124	E00058356
mm.domus.YH125	E00141517
mm.domus.YH130	E00140961
mm.domus.YH131	E00140961
mm.domus.YH132	E00140961
mm.domus.YH133	E00064852
mm.domus.YH134	E00170745
mm.domus.YH135	E00170744
mm.domus.YH136	E00170764
mm.domus.YH137	E00170744
mm.domus.YH138	E00170745
mm.domus.YH140	E00064824
mm.domus.YH141	E00176115
mm.domus.YH142	E00140737
mm.domus.YH143	E00140321
mm.domus.YH144	E00140712
mm.domus.YH145	E00170143
mm.domus.YH146	E00176112
mm.domus.YH147	E00172428
mm.domus.YH148	E00065886
mm.domus.YH149	E00170038
mm.domus.YH150	E00170130
mm.domus.YH151	E00055247
mm.domus.YH152	E00176104
mm.domus.YH153	E00038425
mm.domus.YH154	E00140780
mm.domus.YH155	E00067488
mm.domus.YH156	E00140639
mm.domus.YH157	E00059365
mm.domus.YH158	E00141611
mm.domus.YH159	E00141492
mm.domus.YH160	E00054017
mm.domus.YH161	E00066691
mm.domus.YH162	E00066689
mm.domus.YH163	E00065931
mm.domus.YH164	E00054064
mm.domus.YH165	E00040903
mm.domus.YH166	E00059904
mm.domus.YH168	E00065941
mm.domus.YH169	E00065438
mm.domus.YH170	E00141492
mm.domus.YH171	E00141418
mm.fcm.001	E00154464
mm.fcm.013	E00149518
mm.fcm.026	S00108947
mm.fcm.027	E00103199
mm.fcm.030	S00128969
mm.fcm.032	E00127999
mm.fcm.041	E00109171
mm.fcm.045	
mm.fcm.051	E00070254
mm.fcm.056	E00019779
mm.fcm.058	E00046367
mm.fcm.059	S00118048
mm.fcm.062	S00119309
mm.fcm.064	S00095441
mm.fcm.067	E00136434
mm.fcm.072	E00094123
mm.fcm.073	E00096556
mm.fcm.074	E00134513
mm.fcm.075	E00165954
mm.fcm.078	E00171215
mm.fcm.082	E00104130
mm.fcm.083	E00104065
mm.fcm.090	E00141522
mm.fcm.098	E00136123
mm.fcm.100	S00121337
mm.fcm.102	E00103766
mm.fcm.107	S00119379
mm.fcm.109	E00133425
mm.fcm.114	E00174049
mm.fcm.120	S00117791
mm.fcm.124	E00112218
mm.fcm.130	N00001113
mm.fcm.131	N00002851
mm.fcm.137	E00136412
mm.fcm.139	E00108944
mm.fcm.144	E00098063
mm.fcm.145	
mm.fcm.148	E00023930
mm.fcm.149	E00022897
mm.fcm.150	E00087707
mm.fcm.151	S00098192
mm.fcm.154	N00002249
mm.fcm.155	E00159224
mm.fcm.158	
mm.fcm.160	E00135413
mm.fcm.161	E00148817
mm.fcm.162	S00121408
mm.fcm.163	E00098325
mm.fcm.172	E00136052
mm.fcm.175	E00135915
mm.fcm.179	E00141737
mm.fcm.186	E00051147
mm.fcm.189	E00140179
mm.fcm.190	E00136050
mm.fcm.191	E00136810
mm.fcm.197	
mm.fcm.202	E00136123
mm.fcm.204	E00094708
mm.fcm.207	E00016947
mm.fcm.214	N00001236
mm.fcm.221	S00128945
mm.fcm.230	S00118035
mm.fcm.231	E00175190
mm.fcm.232	E00123762
mm.fcm.235	E00136033
mm.fcm.239	E00136147
mm.fcm.242	E00136691
mm.fcm.254	S00118173
mm.fcm.257	E00023930
mm.fcm.258	W00003201
mm.fcm.262	E00144455
mm.fcm.270	S00125988
mm.fcm.274	E00161781
mm.fcm.275	E00106248
mm.fcm.276	E00167323
mm.fcm.279	S00094870
mm.hha.001	E00008149
mm.hha.002	E00013336
mm.hha.003	E00089887
mm.hha.004	E00082478
mm.hha.005	E00089563
mm.hha.006	E00089412
mm.hha.007	E00169157
mm.hha.008	E00118064
mm.hha.009	E00114465
mm.hha.010	E00114370
mm.hha.011	E00124694
mm.hha.013	E00121821
mm.hha.014	E00123962
mm.hha.015	E00081543
mm.hha.016	E00146334
mm.hha.017	E00146796
mm.hha.018	E00145217
mm.hha.019	E00146365
mm.hha.020	E00155454
mm.hha.021	E00157208
mm.hha.022	E00106926
mm.hha.023	E00106927
mm.hha.024	E00166609
mm.hha.025	E00107258
mm.hha.026	E00161283
mm.hha.027	E00161230
mm.hha.028	E00160683
mm.hha.029	E00096212
mm.hha.030	E00095555
mm.hha.031	E00094838
mm.hha.032	E00095719
mm.hha.033	E00095145
mm.hha.034	E00100926
mm.hha.035	E00101864
mm.hha.036	E00101469
mm.hha.037	E00102794
mm.hha.038	E00102532
mm.hha.039	E00100987
mm.hha.040	E00101495
mm.hha.041	E00102420
mm.hha.042	E00104175
mm.hha.043	E00103313
mm.hha.044	E00104141
mm.hha.045	E00103103
mm.hha.046	E00103873
mm.hha.047	E00103903
mm.hha.048	E00104180
mm.hha.049	E00103540
mm.hha.050	E00103540
mm.hha.051	E00075430
mm.hha.053	E00112857
mm.hha.054	E00113764
mm.hha.055	E00112695
mm.hha.056	E00112851
mm.hha.057	E00114219
mm.hha.058	E00169005
mm.hha.059	E00112863
mm.hha.060	E00112922
mm.hha.061	E00113612
mm.hha.062	E00166743
mm.hha.063	E00162734
mm.hha.064	E00162962
mm.hha.065	E00163627
mm.hha.066	E00163170
mm.hha.067	E00087985
mm.hha.068	E00088576
mm.hha.069	E00088131
mm.hha.070	E00091462
mm.hha.071	E00108688
mm.hha.073	E00109944
mm.hha.074	E00118659
mm.hha.075	E00120474
mm.hha.076	E00120776
mm.hha.077	E00136071
mm.hha.078	E00135682
mm.hha.080	E00153404
mm.hha.081	E00153864
mm.hha.082	E00152373
mm.hha.083	E00154346
mm.hha.084	E00172337
mm.hha.085	E00100544
mm.hha.086	E00099141
mm.hha.087	E00100471
mm.hha.088	E00099212
mm.hha.089	E00131361
mm.hha.090	E00130950
mm.hha.091	E00133652
mm.hha.092	E00133663
mm.hha.093	E00067267
mm.hha.094	E00137307
mm.hha.095	E00137431
mm.hha.096	E00137552
mm.hha.097	E00137333
mm.hha.098	E00137595
mm.hha.101	E00143632
mm.hha.102	E00144601
mm.hha.105	E00070616
mm.hha.107	E00146949
mm.hha.109	E00150919
mm.hha.110	E00151797
mm.hha.111	E00150683
mm.hha.112	E00168297
mm.hha.115	E00165405
mm.hha.116	E00164347
mm.hha.117	E00141084
mm.hha.118	E00141294
mm.hha.119	E00141591
mm.hha.120	E00065510
mm.hha.121	E00141470
mm.hha.122	E00140776
mm.hha.123	E00141017
mm.hha.124	E00141258
mm.hha.125	E00140892
mm.hha.126	E00141584
mm.hha.127	E00065498
mm.hha.128	E00140535
mm.hha.130	E00094205
mm.hha.131	E00093862
mm.hha.132	E00093861
mm.hha.133	E00093063
mm.hha.134	E00094155
mm.hha.135	E00092995
mm.hha.136	E00097603
mm.hha.138	E00097734
mm.hha.139	E00096472
mm.hha.140	E00097967
mm.hha.141	E00096436
mm.hha.142	E00097346
mm.hha.143	E00128514
mm.hha.144	E00126496
mm.hha.145	E00127640
mm.hha.146	E00129201
mm.hha.147	E00035655
mm.hha.148	E00105907
mm.hha.149	E00105885
mm.hha.150	E00139304
mm.hha.153	S00094916
mm.hha.154	S00095714
mm.hha.155	S00094893
mm.hha.156	S00094904
mm.hha.157	S00095011
mm.hha.158	S00120969
mm.hha.159	S00102387
mm.hha.160	S00101809
mm.hha.161	S00106869
mm.hha.162	S00132339
mm.hha.163	S00121209
mm.hha.164	S00092591
mm.hha.165	S00117877
mm.hha.167	S00119378
mm.hha.168	S00125934
mm.hha.169	S00126310
mm.hha.171	S00093063
mm.hha.173	S00092996
mm.hha.174	S00126231
mm.hha.175	S00126155
mm.hha.177	S00097284
mm.hha.178	S00122883
mm.hha.179	S00097141
mm.hha.180	S00100656
mm.hha.181	S00094115
mm.hha.182	S00094068
mm.hha.183	S00094569
mm.hha.184	W00003601
mm.hha.185	W00001202
mm.hha.186	W00001664
mm.hha.187	W00005906
mm.hha.188	W00008104
mm.hha.189	W00008202
mm.hha.190	W00003008
mm.hha.191	W00003133
mm.hha.192	N00003123
mm.hha.193	N00002123
mm.hud.001	W00002746
mm.hud.002	W00002854
mm.hud.005	E00107399
mm.hud.006	W00002852
mm.hud.007	E00087355
mm.hud.009	E00147768
mm.hud.014	E00087291
mm.hud.016	E00112685
mm.hud.019	E00024238
mm.hud.021	E00077558
mm.hud.022	E00108443
mm.hud.024	E00174262
mm.hud.025	E00174293
mm.hud.026	E00076739
mm.mald.001	W00006987
mm.mald.007	W00009979
mm.mald.013	W00000639
mm.mald.014	W00007769
mm.mald.015	W00007548
mm.mald.019	W00002778
mm.mald.020	W00001404
mm.mald.024	W00000262
mm.mald.026	W00010121
mm.mald.027	W00002734
mm.mald.028	W00002975
mm.mald.030	W00003447
mm.mald.033	W00003066
mm.mald.037	W00000639
mm.mald.038	W00000305
mm.mald.042	W00001038
mm.mald.043	W00003640
mm.mald.045	W00002599
mm.mald.052	W00005606
mm.mald.053	W00001921
mm.mald.055	W00004160
mm.mald.058	W00001059
mm.mald.062	W00002641
mm.mald.066	W00000527
mm.mald.068	W00003016
mm.mald.069	W00007403
mm.mald.071	W00002799
mm.mald.072	W00001122
mm.mald.079	W00000592
mm.mald.080	W00002903
mm.mald.081	W00000141
mm.mald.082	W00004958
mm.mald.086	W00001691
mm.mald.089	W00003623
mm.mald.090	W00009580
mm.mald.095	W00003471
mm.mald.110	W00003284
mm.mald.111	W00003778
mm.mald.116	W00000411
mm.mald.124	W00002664
mm.mald.130	W00001286
mm.mald.132	W00007383
mm.mald.135	W00001300
mm.mald.148	W00003615
mm.mald.149	W00007726
mm.mald.151	W00002740
mm.mald.152	W00003337
mm.mald.154	W00009894
mm.mald.155	W00010067
mm.mald.157	W00000301
mm.mald.158	W00002812
mm.mald.159	W00003703
mm.mald.160	W00007257
mm.mald.162	W00000591
mm.mald.163	W00000005
mm.MDN.005	E00037980
mm.MDN.006	E00065537
mm.MDN.008	E00067428
mm.MDN.009	E00067618
mm.MDN.010	E00169783
mm.MDN.011	N00001416
mm.MDN.012	
mm.MDN.013	N00001935
mm.MDN.014	N00000426
mm.MDN.015	N00003395
mm.MDN.016	N00003534
mm.MDN.017	N00001418
mm.MDN.018	N00001265
mm.MDN.019	N00001022
mm.MDN.020	N00003471
mm.MDN.021	N00003108
mm.MDN.022	N00001384
mm.MDN.023	E00158151
mm.MDN.024	E00047581
mm.MDN.025	W00004880
mm.MDN.026	E00172354
mm.MDN.027	E00150624
mm.MDN.028	E00150126
mm.MDN.029	E00072308
mm.MDN.030	E00168353
mm.MDN.031	E00150734
mm.MDN.032	E00172344
mm.MDN.033	E00151329
mm.MDN.034	E00151621
mm.MDN.035	E00150189
mm.MDN.036	E00104336
mm.mgs.006	S00117676
mm.mgs.044	S00135263
mm.mgs.075	S00094275
mm.mgs.093	S00089651
mm.mgs.125	S00091033
mm.mgs.147	S00103333
mm.mgs.223	S00130838
mm.mgs.248	S00096181
mm.mgs.278	S00092267
mm.mgs.279	S00093534
mm.mgs.281	S00117635
mm.mgs.282	S00117962
mm.mgs.284	S00122848
mm.mgs.285	S00129889
mm.mgs.286	S00129427
mm.mgs.287	S00095263
mm.mgs.288	S00125934
mm.mgs.289	S00128167
mm.mgs.290	S00092021
mm.mgs.292	S00092484
mm.mgs.293	S00091119
mm.mgs.294	S00091033
mm.mgs.295	S00129019
mm.mgs.296	S00129019
mm.mgs.298	S00131401
mm.mgs.299	S00117568
mm.mgs.301	S00104709
mm.mgs.302	S00128209
mm.mgs.303	S00102537
mm.mgs.304	S00102286
mm.mgs.306	S00115762
mm.mgs.307	S00092177
mm.mgs.308	S00134429
mm.mgs.309	S00089288
mm.mgs.310	S00100777
mm.mgs.311	S00100751
mm.mgs.313	S00114806
mm.mgs.314	S00117230
mm.mgs.315	S00111156
mm.mgs.316	S00111153
mm.mgs.320	S00094542
mm.mgs.321	S00092314
mm.mgs.323	S00116382
mm.mgs.325	S00088987
mm.mgs.327	S00119362
mm.mgs.329	S00125947
mm.mgs.332	S00094064
mm.mgs.333	S00088963
mm.mgs.334	S00103411
mm.mgs.336	S00119178
mm.mgs.337	S00096689
mm.mgs.341	S00094067
mm.mgs.343	S00103352
mm.mgs.345	S00106927
mm.mgs.346	S00127692
mm.mgs.348	S00107031
mm.mgs.350	S00109002
mm.mgs.352	S00092810
mm.mgs.353	S00126108
mm.mgs.354	S00094937
mm.mgs.356	S00095044
mm.mgs.357	S00119594
mm.mgs.358	S00117727
mm.mgs.360	S00104829
mm.mgs.361	S00117846
mm.mgs.362	S00097184
mm.mgs.364	S00118949
mm.mgs.366	S00106883
mm.mgs.367	S00134262
mm.mgs.368	S00094591
mm.mgs.369	S00099567
mm.mgs.370	S00097605
mm.mgs.371	S00118115
mm.mgs.372	S00098484
mm.mgs.373	S00107584
mm.mgs.374	S00134536
mm.mgs.375	S00094592
mm.mgs.376	S00127636
mm.mgs.377	S00091713
mm.mgs.378	S00109113
mm.mgs.380	S00091216
mm.mgs.381	S00100715
mm.mgs.382	S00118048
mm.mgs.383	S00094575
mm.mgs.384	S00118031
mm.mgs.386	S00126995
mm.mgs.388	S00094128
mm.mgs.389	S00114387
mm.mgs.390	S00117903
mm.mgs.391	S00118004
mm.mgs.392	S00120233
mm.mgs.394	S00092177
mm.mgs.396	S00128947
mm.mgs.398	S00122707
mm.mgs.400	S00116660
mm.mgs.404	S00125935
mm.mgs.406	S00114382
mm.mgs.408	S00103329
mm.mgs.409	S00104548
mm.mgs.410	S00094849
mm.mgs.411	S00133667
mm.mgs.412	S00094123
mm.mgs.413	S00102178
mm.mgs.415	S00112958
mm.mgs.418	S00121669
mm.misc.003	E00135364
mm.misc.004	E00008685
mm.misc.005	E00083656
mm.misc.007	E00175378
mm.misc.008	E00141517
mm.misc.010	E00087556
mm.misc.011	E00126853
mm.misc.012	E00093988
mm.misc.013	E00125211
mm.misc.014	S00118048
mm.misc.015	E00173520
mm.misc.016	W00004552
mm.misc.017	W00004157
mm.misc.018	E00096368
mm.misc.019	E00092338
mm.misc.020	E00102608
mm.misc.022	E00121890
mm.misc.026	E00141636
mm.misc.027	E00141636
mm.misc.029	E00023939
mm.misc.030	E00125111
mm.misc.031	E00071946
mm.misc.032	E00125207
mm.misc.035	E00141650
mm.misc.036	E00152469
mm.misc.038	E00101318
mm.misc.039	E00112732
mm.misc.040	E00162356
mm.misc.041	S00098108
mm.misc.042	W00000245
mm.misc.043	E00097598
mm.misc.044	E00131502
mm.misc.045	E00085110
mm.misc.046	E00092430
mm.misc.047	E00096254
mm.misc.048	S00118509
mm.misc.049	S00121091
mm.misc.050	E00148549
mm.misc.052	E00091485
mm.misc.055	E00137559
mm.misc.056	E00166725
mm.misc.057	E00166725
mm.misc.058	E00099215
mm.misc.061	W00003616
mm.misc.062	E00150328
mm.misc.064	E00095919
mm.misc.065	E00094695
mm.misc.066	S00097328
mm.misc.067	S00102307
mm.misc.068	E00106526
mm.misc.069	E00164330
mm.misc.070	
mm.misc.071	E00077255
mm.misc.072	E00103208
mm.misc.073	E00103203
mm.misc.074	S00101782
mm.misc.075	S00135245
mm.misc.076	E00056184
mm.misc.077	S00121233
mm.misc.078	E00113168
mm.misc.079	S00102352
mm.misc.080	E00020255
mm.misc.081	E00170909
mm.misc.082	E00125268
mm.misc.083	E00149509
mm.misc.084	N00002284
mm.misc.085	E00018233
mm.misc.086	E00027524
mm.misc.087	E00086586
mm.misc.088	E00175593
mm.misc.089	E00023945
mm.misc.092	E00060474
mm.misc.093	W00002707
mm.misc.094	E00112702
mm.misc.095	E00024397
mm.misc.097	E00104202
mm.misc.098	E00061132
mm.misc.099	E00065941
mm.misc.100	W00003294
mm.misc.101	E00171471
mm.misc.102	E00131886
mm.misc.103	E00031112
mm.misc.104	E00068708
mm.misc.105	E00057702
mm.misc.106	E00159642
mm.misc.107	E00071449
mm.misc.108	E00071701
mm.misc.109	E00071455
mm.misc.110	E00071448
mm.misc.111	E00103753
mm.misc.112	S00092921
mm.misc.114	E00090856
mm.misc.115	E00088496
mm.misc.116	E00121164
mm.misc.117	E00119770
mm.misc.118	E00152358
mm.misc.119	E00152375
mm.misc.120	E00119258
mm.misc.121	E00167073
mm.misc.122	E00136073
mm.misc.123	E00154464
mm.misc.124	E00120496
mm.misc.125	E00111249
mm.misc.126	E00154081
mm.misc.127	E00119347
mm.misc.128	E00153194
mm.misc.129	E00154061
mm.misc.130	W00003471
mm.misc.131	W00009792
mm.misc.132	W00002794
mm.misc.133	W00002714
mm.misc.134	E00102945
mm.misc.135	E00082838
mm.misc.136	E00166357
mm.misc.137	E00109227
mm.misc.138	W00003262
mm.misc.139	E00055451
mm.misc.140	E00166755
mm.misc.141	E00019365
mm.misc.142	S00096218
mm.misc.143	E00126455
mm.misc.144	E00106248
mm.misc.145	S00128502
mm.misc.146	S00118031
mm.misc.147	E00104059
mm.misc.148	E00104049
mm.misc.149	S00135130
mm.misc.150	S00121758
mm.misc.151	S00119159
mm.misc.152	S00117864
mm.misc.153	S00099856
mm.misc.154	S00100846
mm.misc.155	S00100841
mm.misc.156	E00174080
mm.misc.157	S00103316
mm.misc.158	E00159254
mm.misc.159	E00163088
mm.misc.160	S00121767
mm.misc.161	E00136052
mm.misc.162	E00065498
mm.misc.163	E00141104
mm.misc.164	S00125940
mm.misc.165	N00002941
mm.misc.166	E00015683
mm.misc.167	E00092202
mm.misc.168	E00146370
mm.misc.169	E00146332
mm.misc.170	E00092661
mm.misc.171	E00095705
mm.misc.172	E00102446
mm.misc.173	E00102156
mm.misc.174	E00102776
mm.misc.175	E00100698
mm.misc.176	E00076931
mm.misc.177	E00103054
mm.misc.178	E00103314
mm.misc.179	E00111202
mm.misc.180	E00111274
mm.misc.181	E00108609
mm.misc.182	E00075241
mm.misc.183	E00169005
mm.misc.184	S00135094
mm.misc.185	S00135109
mm.misc.186	S00129005
mm.misc.190	S00135094
mm.misc.191	E00020264
mm.misc.192	E00172913
mm.misc.193	E00009615
mm.misc.194	E00033178
mm.misc.196	E00020255
mm.misc.197	W00001634
mm.misc.198	E00108653
mm.Mus70Cal.001	E00170492
mm.Mus70Cal.002	S00123526
mm.Mus70Cal.003	E00153396
mm.Mus70Cal.004	E00128005
mm.Mus70Cal.005	E00095319
mm.Mus70Cal.006	S00099305
mm.Mus70Cal.007	E00007617
mm.Mus70Cal.008	E00041860
mm.Mus70Cal.009	S00113921
mm.Mus70Cal.010	E00167786
mm.Mus70Cal.011	E00066689
mm.Mus70Cal.012	E00165485
mm.Mus70Cal.013	E00127400
mm.Mus70Cal.014	E00069196
mm.Mus70Cal.015	E00023930
mm.Mus70Cal.016	E00014602
mm.Mus70Cal.017	S00097126
mm.Mus70Cal.018	S00097126
mm.Mus70Cal.019	E00000028
mm.Mus70Cal.020	E00026171
mm.Mus70Cal.021	E00007979
mm.Mus70Cal.022	E00125153
mm.Mus70Cal.023	E00141101
mm.Mus70Cal.024	E00173520
mm.Mus70Cal.025	E00095738
mm.Mus70Cal.026	E00027644
mm.Mus70Cal.027	S00111174
mm.Mus70Cal.028	E00167014
mm.Mus70Cal.029	E00044807
mm.Mus70Cal.030	E00143018
mm.musa.001	E00106264
mm.musa.002	E00021680
mm.musa.004	E00136788
mm.musa.006	E00175186
mm.musa.008	S00092995
mm.musa.010	E00175214
mm.musa.012	E00174820
mm.musa.013	E00110403
mm.musa.015	N00000540
mm.musa.016	E00107014
mm.musa.021	E00050892
mm.musa.022	S00129742
mm.musa.023	E00128820
mm.musa.026	N00003358
mm.musa.031	E00107978
mm.musa.032	S00093938
mm.musa.035	E00109692
mm.musa.036	E00175340
mm.musa.037	E00116850
mm.musa.039	N00003534
mm.musa.041	E00139689
mm.musa.042	E00167041
mm.musa.043	E00051410
mm.musa.045	E00100950
mm.musa.046	S00132380
mm.musa.047	E00166610
mm.musa.048	E00097179
mm.musa.050	E00086982
mm.musa.052	N00002875
mm.musa.053	E00095615
mm.musa.055	E00123908
mm.musa.057	E00103975
mm.musa.058	E00124600
mm.musa.067	E00087334
mm.musa.069	E00143451
mm.musa.072	N00002840
mm.musa.073	E00097071
mm.musa.074	E00097071
mm.musa.075	E00020643
mm.musa.076	E00148581
mm.musa.081	E00146583
mm.musa.083	E00160583
mm.musa.084	E00146606
mm.musa.090	E00147705
mm.musa.092	E00094666
mm.musa.093	E00087636
mm.musa.095	E00123022
mm.musa.096	E00125421
mm.musa.097	S00097606
mm.musa.099	E00003666
mm.musa.100	S00117763
mm.musa.101	S00120681
mm.musa.102	N00000429
mm.musa.109	E00122998
mm.musa.112	E00125425
mm.musa.115	E00131560
mm.musa.116	E00023844
mm.musa.117	S00118111
mm.musa.118	W00003992
mm.musa.119	E00108760
mm.musa.120	E00112006
mm.musa.121	E00095419
mm.musa.122	E00106267
mm.musa.126	E00037473
mm.musa.129	E00171931
mm.musa.130	E00037180
mm.musa.132	E00147987
mm.musa.135	E00108721
mm.musa.136	E00135810
mm.musa.138	E00172813
mm.musa.140	E00086836
mm.musa.141	E00168202
mm.musa.142	E00135934
mm.musa.145	E00114219
mm.musa.149	W00000781
mm.musa.153	E00167768
mm.musa.154	E00112258
mm.musa.156	E00160562
mm.musa.157	E00019839
mm.musa.158	W00003483
mm.musa.160	E00040391
mm.musa.162	E00102794
mm.musa.163	E00111738
mm.musa.164	E00111744
mm.musa.165	E00111737
mm.musa.166	
mm.musa.168	E00107505
mm.musa.169	E00133040
mm.musa.171	E00139902
mm.musa.175	S00133656
mm.musa.178	E00148739
mm.musa.180	S00094123
mm.musa.182	
mm.musa.183	E00106649
mm.musa.184	S00102153
mm.musa.186	E00098627
mm.musa.188	E00019265
mm.musa.189	E00171575
mm.musa.191	E00127400
mm.musa.195	E00080104
mm.musa.196	S00091193
mm.musa.197	E00095955
mm.musa.199	E00106248
mm.musa.201	E00087317
mm.musa.204	E00006300
mm.musa.205	E00023953
mm.musa.208	E00143680
mm.musa.209	E00124020
mm.musa.210	E00124535
mm.musa.212	E00132569
mm.musa.214	E00111287
mm.musa.215	E00111127
mm.musa.216	E00115165
mm.musa.217	E00070720
mm.musa.219	E00037256
mm.musa.220	E00112900
mm.musa.222	E00155334
mm.musa.223	E00123228
mm.musa.224	E00125811
mm.musa.225	E00155839
mm.musa.227	S00126121
mm.musa.228	E00170132
mm.musa.229	E00118271
mm.musa.230	E00099350
mm.musa.235	E00124792
mm.musa.240	E00146644
mm.musa.241	E00154907
mm.musa.242	E00112218
mm.musa.243	S00092361
mm.musa.246	S00101904
mm.musa.247	S00102387
mm.musa.248	E00133189
mm.musa.252	E00068661
mm.musa.253	N00000441
mm.musa.254	E00087678
mm.musa.255	S00104374
mm.musa.257	E00124282
mm.musa.258	S00132335
mm.musa.259	E00042610
mm.musa.260	E00175551
mm.musa.263	E00084731
mm.musa.264	
mm.musa.265	E00142844
mm.musa.266	E00137308
mm.musa.268	N00001283
mm.musa.270	E00144743
mm.musa.271	E00167383
mm.musa.272	S00094727
mm.musa.273	E00104059
mm.musa.274	E00090919
mm.musa.276	W00002556
mm.musa.277	E00145438
mm.musa.278	E00099274
mm.musa.280	E00130950
mm.musa.281	E00148900
mm.musa.282	E00160738
mm.musa.283	E00106899
mm.musa.285	N00000073
mm.musa.286	E00104327
mm.musa.289	E00139875
mm.musa.290	E00124561
mm.musa.291	E00090712
mm.musa.292	W00000689
mm.musa.293	E00166661
mm.musa.294	E00154271
mm.musa.295	E00078284
mm.musa.296	E00168337
mm.musa.297	E00014602
mm.musa.298	E00072574
mm.musa.299	E00020383
mm.musa.300	E00116782
mm.musa.301	E00109456
mm.musa.303	E00160769
mm.musa.304	E00165660
mm.musa.305	E00166632
mm.musa.306	E00149069
mm.musa.307	E00023522
mm.musa.308	E00087354
mm.musa.310	E00122478
mm.musa.311	E00087376
mm.musa.312	E00124772
mm.musa.313	E00124883
mm.musa.314	E00148264
mm.musa.316	E00097573
mm.musa.319	W00001313
mm.musa.320	E00122100
mm.musa.321	E00000025
mm.musa.322	E00096066
mm.musa.323	E00070724
mm.musa.325	E00043390
mm.musa.326	E00095167
mm.musa.327	E00015166
mm.musa.328	E00112227
mm.musa.329	E00130342
mm.musa.332	E00107693
mm.musa.334	E00141397
mm.musa.335	E00104049
mm.musa.337	W00002837
mm.musa.339	S00117563
mm.musa.340	E00021615
mm.musa.341	S00107624
mm.musa.342	S00094449
mm.musa.343	E00123768
mm.musa.344	S00133283
mm.musa.345	E00137505
mm.musa.346	E00023938
mm.musa.347	S00107207
mm.musa.349	S00098011
mm.musa.350	E00080915
mm.musa.351	E00110349
mm.musa.352	E00136202
mm.musa.353	E00095483
mm.musa.354	E00104178
mm.musa.356	E00145417
mm.musa.360	W00005887
mm.musa.361	E00032048
mm.musa.362	N00002806
mm.musa.363	E00018578
mm.musa.364	E00102316
mm.musa.366	E00070994
mm.musa.367	W00002556
mm.musa.368	E00169156
mm.musa.369	E00080637
mm.musa.370	E00155429
mm.musa.371	E00145918
mm.musa.372	E00158748
mm.musa.373	E00004173
mm.musa.374	E00159335
mm.musa.376	W00002453
mm.musa.377	E00085210
mm.musa.379	E00176645
mm.musa.380	E00104407
mm.musa.386	E00118197
mm.musa.387	E00061229
mm.musa.388	E00036121
mm.musa.389	E00139068
mm.musa.390	E00100798
mm.musa.391	E00037599
mm.musa.392	E00088094
mm.musa.393	E00140030
mm.musa.394	E00075872
mm.musa.396	E00163295
mm.musa.397	E00061027
mm.nimc.006	N00000169
mm.nimc.007	N00000423
mm.nimc.009	N00001969
mm.nimc.013	N00002247
mm.nimc.016	N00002254
mm.nimc.017	N00000442
mm.nimc.018	N00001131
mm.nimc.025	N00001131
mm.nimc.026	N00000718
mm.nimc.035	N00004058
mm.nimc.036	N00002008
mm.nimc.037	N00003231
mm.nimc.038	N00004076
mm.nimc.043	N00001704
mm.wiki.001	E00088579
mm.wiki.002	E00079379
mm.wiki.003	E00088076
mm.wiki.004	E00088036
mm.wiki.005	E00087929
mm.wiki.006	E00088086
mm.wiki.007	E00088250
mm.wiki.008	E00083643
mm.wiki.009	E00073530
mm.wiki.010	E00089445
mm.wiki.011	E00173810
mm.wiki.012	E00173808
mm.wiki.013	E00167063
mm.wiki.014	E00091826
mm.wiki.015	E00091934
mm.wiki.016	E00091068
mm.wiki.017	E00091580
mm.wiki.018	E00091942
mm.wiki.019	E00092303
mm.wiki.020	E00093734
mm.wiki.021	E00092441
mm.wiki.022	E00093172
mm.wiki.023	E00092430
mm.wiki.024	E00093817
mm.wiki.025	E00092755
mm.wiki.026	E00092446
mm.wiki.027	E00096088
mm.wiki.028	E00095416
mm.wiki.029	E00095793
mm.wiki.030	E00095793
mm.wiki.031	E00096128
mm.wiki.032	E00095160
mm.wiki.033	E00095893
mm.wiki.034	E00095564
mm.wiki.035	E00095564
mm.wiki.036	E00095699
mm.wiki.037	E00095342
mm.wiki.038	E00096199
mm.wiki.039	E00096208
mm.wiki.040	E00095484
mm.wiki.041	E00096014
mm.wiki.042	E00096097
mm.wiki.043	E00095643
mm.wiki.044	E00095410
mm.wiki.045	E00094758
mm.wiki.046	E00096408
mm.wiki.047	E00095931
mm.wiki.048	E00096068
mm.wiki.049	E00095803
mm.wiki.051	E00095470
mm.wiki.053	E00097837
mm.wiki.054	E00097844
mm.wiki.055	E00097573
mm.wiki.056	E00097458
mm.wiki.057	E00097960
mm.wiki.058	E00096564
mm.wiki.059	E00097248
mm.wiki.060	E00096563
mm.wiki.061	E00097339
mm.wiki.062	E00096552
mm.wiki.063	E00096547
mm.wiki.064	E00098163
mm.wiki.065	E00099173
mm.wiki.066	E00099238
mm.wiki.067	E00098351
mm.wiki.069	E00174334
mm.wiki.070	E00068289
mm.wiki.071	E00099131
mm.wiki.073	E00099193
mm.wiki.074	E00100373
mm.wiki.075	E00098305
mm.wiki.076	E00102709
mm.wiki.077	E00102186
mm.wiki.078	E00076725
mm.wiki.079	E00100717
mm.wiki.080	E00101573
mm.wiki.082	E00100725
mm.wiki.083	E00076739
mm.wiki.084	E00102352
mm.wiki.085	E00101831
mm.wiki.086	E00102057
mm.wiki.087	E00102900
mm.wiki.088	E00102316
mm.wiki.089	E00101754
mm.wiki.090	E00102787
mm.wiki.091	E00100721
mm.wiki.092	E00102924
mm.wiki.093	E00105926
mm.wiki.094	E00105753
mm.wiki.095	E00105048
mm.wiki.096	E00105778
mm.wiki.097	E00170764
mm.wiki.098	E00065303
mm.wiki.100	E00065254
mm.wiki.101	E00066096
mm.wiki.102	E00064594
mm.wiki.103	E00065997
mm.wiki.104	E00065544
mm.wiki.105	E00065303
mm.wiki.107	E00107516
mm.wiki.108	E00107106
mm.wiki.109	E00085746
mm.wiki.110	E00107422
mm.wiki.111	E00106652
mm.wiki.112	E00085644
mm.wiki.114	E00085586
mm.wiki.115	E00085586
mm.wiki.116	E00107720
mm.wiki.117	E00172917
mm.wiki.119	E00106160
mm.wiki.121	E00112067
mm.wiki.122	E00109163
mm.wiki.123	E00109245
mm.wiki.124	E00108773
mm.wiki.126	E00111808
mm.wiki.127	E00111095
mm.wiki.128	E00108775
mm.wiki.129	E00109898
mm.wiki.130	E00109024
mm.wiki.131	E00108091
mm.wiki.133	E00111206
mm.wiki.134	E00109955
mm.wiki.135	E00110700
mm.wiki.136	E00109624
mm.wiki.137	E00080958
mm.wiki.138	E00108873
mm.wiki.139	E00108325
mm.wiki.140	E00080217
mm.wiki.141	E00113616
mm.wiki.142	E00113058
mm.wiki.143	E00113804
mm.wiki.144	E00113738
mm.wiki.145	E00113205
mm.wiki.146	E00114199
mm.wiki.147	E00112888
mm.wiki.148	E00113177
mm.wiki.149	E00112702
mm.wiki.150	E00012492
mm.wiki.151	E00019801
mm.wiki.152	E00012759
mm.wiki.153	E00023938
mm.wiki.155	E00000021
mm.wiki.156	E00021692
mm.wiki.157	E00020035
mm.wiki.158	E00024113
mm.wiki.160	E00174770
mm.wiki.161	E00019901
mm.wiki.162	E00004734
mm.wiki.164	E00024113
mm.wiki.167	E00013383
mm.wiki.168	E00019350
mm.wiki.169	E00023665
mm.wiki.170	E00000024
mm.wiki.172	E00015312
mm.wiki.173	E00017512
mm.wiki.174	E00023937
mm.wiki.177	E00176266
mm.wiki.178	E00019112
mm.wiki.179	E00019780
mm.wiki.180	E00014101
mm.wiki.181	E00021628
mm.wiki.182	E00170302
mm.wiki.183	E00015398
mm.wiki.184	E00023935
mm.wiki.185	E00017670
mm.wiki.186	E00007863
mm.wiki.187	E00025436
mm.wiki.188	E00025780
mm.wiki.189	E00025630
mm.wiki.190	E00026136
mm.wiki.191	E00024742
mm.wiki.192	E00114843
mm.wiki.193	E00086047
mm.wiki.194	E00117128
mm.wiki.195	E00114846
mm.wiki.196	E00168151
mm.wiki.198	E00115006
mm.wiki.200	E00117201
mm.wiki.201	E00070962
mm.wiki.202	E00070891
mm.wiki.203	E00070686
mm.wiki.204	E00070763
mm.wiki.206	E00119821
mm.wiki.207	E00119197
mm.wiki.208	E00121500
mm.wiki.209	E00120469
mm.wiki.210	E00120583
mm.wiki.211	E00087332
mm.wiki.212	E00087538
mm.wiki.213	E00087442
mm.wiki.214	E00087545
mm.wiki.215	E00087728
mm.wiki.217	E00087319
mm.wiki.218	E00087354
mm.wiki.219	E00124995
mm.wiki.220	E00123336
mm.wiki.221	E00124778
mm.wiki.222	E00081543
mm.wiki.223	E00124612
mm.wiki.224	E00125911
mm.wiki.225	E00123444
mm.wiki.226	E00124020
mm.wiki.227	E00125263
mm.wiki.229	E00124838
mm.wiki.230	E00122846
mm.wiki.232	E00124915
mm.wiki.236	E00121985
mm.wiki.237	E00127900
mm.wiki.238	E00064317
mm.wiki.239	E00127368
mm.wiki.240	E00126902
mm.wiki.241	E00128779
mm.wiki.242	E00127367
mm.wiki.243	E00130959
mm.wiki.245	E00131567
mm.wiki.248	E00130399
mm.wiki.249	E00169534
mm.wiki.250	E00131114
mm.wiki.251	E00131498
mm.wiki.252	E00131891
mm.wiki.253	E00068903
mm.wiki.254	E00132841
mm.wiki.255	E00169347
mm.wiki.256	E00132178
mm.wiki.257	E00133082
mm.wiki.258	E00132497
mm.wiki.259	E00066878
mm.wiki.260	E00133040
mm.wiki.261	E00132786
mm.wiki.262	E00132377
mm.wiki.263	E00132929
mm.wiki.264	E00066872
mm.wiki.265	E00132932
mm.wiki.266	E00134135
mm.wiki.267	E00169372
mm.wiki.268	E00133975
mm.wiki.269	E00133359
mm.wiki.270	E00132584
mm.wiki.271	E00134051
mm.wiki.272	E00033012
mm.wiki.273	E00036655
mm.wiki.274	E00036105
mm.wiki.275	E00176652
mm.wiki.276	E00036119
mm.wiki.277	E00035353
mm.wiki.278	E00168412
mm.wiki.279	E00168415
mm.wiki.280	E00136890
mm.wiki.281	E00135060
mm.wiki.282	E00135305
mm.wiki.283	E00135140
mm.wiki.285	E00134578
mm.wiki.286	E00135698
mm.wiki.288	E00136835
mm.wiki.289	E00135801
mm.wiki.290	E00134719
mm.wiki.291	E00135894
mm.wiki.292	E00134367
mm.wiki.293	E00136231
mm.wiki.294	E00169829
mm.wiki.295	E00138486
mm.wiki.297	E00137409
mm.wiki.298	E00138626
mm.wiki.299	E00137688
mm.wiki.300	E00139161
mm.wiki.301	E00139242
mm.wiki.302	E00139653
mm.wiki.303	E00139351
mm.wiki.304	E00141494
mm.wiki.305	E00067490
mm.wiki.306	E00067473
mm.wiki.307	E00141989
mm.wiki.308	E00140706
mm.wiki.309	E00145685
mm.wiki.310	E00146572
mm.wiki.311	E00145138
mm.wiki.312	E00145985
mm.wiki.313	E00146071
mm.wiki.314	E00146298
mm.wiki.315	E00145113
mm.wiki.316	E00172623
mm.wiki.320	E00147070
mm.wiki.322	E00147297
mm.wiki.323	E00147297
mm.wiki.324	E00149046
mm.wiki.325	E00074490
mm.wiki.326	E00148350
mm.wiki.327	E00147924
mm.wiki.328	E00074765
mm.wiki.329	E00149479
mm.wiki.330	E00072863
mm.wiki.331	E00149509
mm.wiki.332	E00149367
mm.wiki.333	E00149168
mm.wiki.334	E00148890
mm.wiki.335	E00148632
mm.wiki.336	E00149482
mm.wiki.337	E00147967
mm.wiki.340	E00172407
mm.wiki.341	E00150624
mm.wiki.342	E00071966
mm.wiki.343	E00151905
mm.wiki.344	E00171634
mm.wiki.345	E00152710
mm.wiki.347	E00154271
mm.wiki.348	E00153944
mm.wiki.350	E00153654
mm.wiki.351	E00154055
mm.wiki.352	E00152471
mm.wiki.353	E00153989
mm.wiki.354	E00154063
mm.wiki.355	E00154489
mm.wiki.356	E00156884
mm.wiki.357	E00155716
mm.wiki.358	E00156162
mm.wiki.359	E00155364
mm.wiki.360	E00155454
mm.wiki.361	E00043450
mm.wiki.362	E00158624
mm.wiki.363	E00159075
mm.wiki.364	E00159368
mm.wiki.365	E00159645
mm.wiki.366	E00172292
mm.wiki.367	E00158298
mm.wiki.368	E00175614
mm.wiki.371	E00051491
mm.wiki.372	E00049306
mm.wiki.373	E00050946
mm.wiki.374	E00172193
mm.wiki.375	E00160060
mm.wiki.376	E00161694
mm.wiki.377	E00107542
mm.wiki.378	E00058985
mm.wiki.379	E00056312
mm.wiki.380	E00056099
mm.wiki.381	E00175513
mm.wiki.382	E00060121
mm.wiki.383	E00054044
mm.wiki.384	E00054064
mm.wiki.385	E00056350
mm.wiki.386	E00055358
mm.wiki.387	E00054350
mm.wiki.388	E00140320
mm.wiki.389	E00056613
mm.wiki.390	E00054796
mm.wiki.391	E00055543
mm.wiki.392	E00162385
mm.wiki.393	E00163330
mm.wiki.394	E00162397
mm.wiki.395	E00166384
mm.wiki.396	E00162717
mm.wiki.397	E00078809
mm.wiki.398	E00162399
mm.wiki.399	E00162515
mm.wiki.400	E00163550
mm.wiki.401	E00163035
mm.wiki.402	E00164999
mm.wiki.404	E00165632
mm.wiki.405	E00165283
mm.wiki.407	E00144385
mm.wiki.409	E00070566
mm.wiki.411	N00003632
mm.wiki.412	N00002182
mm.wiki.413	N00003831
mm.wiki.414	N00002369
mm.wiki.415	N00003727
mm.wiki.416	N00000789
mm.wiki.417	N00000787
mm.wiki.418	N00004231
mm.wiki.419	N00002924
mm.wiki.420	N00002409
mm.wiki.421	N00002613
mm.wiki.422	N00002607
mm.wiki.423	N00002597
mm.wiki.424	N00004387
mm.wiki.426	N00004437
mm.wiki.427	N00004528
mm.wiki.428	W00000161
mm.wiki.429	W00000178
mm.wiki.430	W00000108
mm.wiki.431	W00000194
mm.wiki.432	W00010127
mm.wiki.434	W00003368
mm.wiki.435	W00003616
mm.wiki.436	W00010067
mm.wiki.437	W00002911
mm.wiki.438	W00000691
mm.wiki.439	W00000779
mm.wiki.440	W00001300
mm.wiki.441	W00000377
mm.wiki.444	W00008223
mm.wiki.446	W00004874
mm.wiki.447	W00002965
mm.wiki.448	W00002540
mm.wiki.449	W00002487
mm.wiki.451	W00002408
mm.wiki.452	W00007779
mm.wiki.454	W00007911
mm.wiki.455	W00000019
mm.wiki.456	S00092705
mm.wiki.457	S00091440
mm.wiki.458	S00091063
mm.wiki.459	S00091169
mm.wiki.460	S00091223
mm.wiki.461	S00093046
mm.wiki.462	S00093079
mm.wiki.464	S00094127
mm.wiki.466	S00094115
mm.wiki.467	S00097260
mm.wiki.468	S00097475
mm.wiki.470	S00099804
mm.wiki.471	S00102378
mm.wiki.472	S00103329
mm.wiki.474	S00106723
mm.wiki.475	S00112183
mm.wiki.476	S00119194
mm.wiki.477	S00119349
mm.wiki.478	S00119274
mm.wiki.479	S00117724
mm.wiki.480	S00118047
mm.wiki.481	S00119259
mm.wiki.483	S00117698
mm.wiki.484	S00121709
mm.wiki.485	S00121489
mm.wiki.486	S00121866
mm.wiki.487	S00122957
mm.wiki.488	S00122460
mm.wiki.489	S00126063
mm.wiki.490	S00126306
mm.wiki.491	S00126270
mm.wiki.494	S00094997
mm.wiki.495	S00129001
mm.wiki.496	S00128955
mm.wiki.497	S00129022
mm.wiki.498	S00129858
mm.wiki.499	S00091980
mm.wiki.500	E00119185
mm.wiki.501	E00087415
mm.wiki.502	E00132218
mm.wiki.503	E00076995
mm.wiki.504	E00153862
mm.wiki.505	E00153862
