project.id	LAD2011_GSS
mm.domus.SE118	E07000149
mm.domus.SE499	E07000064
mm.domus.YH001	E08000016
mm.domus.NW036	E07000123
mm.domus.EM073	E07000134
mm.domus.SE329	E09000020
mm.musa.002	E09000030
mm.MDN.025	W06000012
mm.domus.SE524	E09000007
mm.wiki.007	E06000055
mm.wiki.280	E07000149
mm.wiki.504	E07000205
mm.wiki.254	E07000138
mm.wiki.475	S12000046
mm.wiki.295	E07000154
mm.domus.EM048	E06000015
mm.domus.SW230	E07000040
mm.wiki.059	E07000028
mm.domus.YH005	E08000035
mm.domus.EM066	E06000016
mm.domus.YH023	E08000019
mm.domus.NW025	E07000031
mm.domus.SC001	S12000015
mm.hha.153	S12000026
mm.mald.001	W06000018
mm.misc.093	W06000008
mm.domus.WA094	W06000003
mm.domus.SC002	S12000033
mm.domus.SC003	S12000033
mm.domus.SC187	S12000033
mm.domus.SC173	S12000034
mm.aim.0005	W06000021
mm.aim82NM.001	W06000002
mm.aim.0006	W06000019
mm.domus.WA066	W06000008
mm.domus.SE170	E07000180
mm.domus.EM001	E07000154
mm.aim82NM.002	S12000017
mm.hha.051	E06000025
mm.domus.WM034	E06000051
mm.aim82NM.003	S12000034
mm.hha.130	E06000049
mm.aim82M.001	E06000052
mm.aim82NM.131	E07000065
mm.domus.SE413	E07000105
mm.domus.SE171	E07000092
mm.aim82NM.005	E07000222
mm.Mus70Cal.002	S12000044
mm.domus.YH154	E07000165
mm.wiki.392	E06000054
mm.domus.SE172	E07000205
mm.domus.SE176	
mm.domus.SE169	E07000092
mm.aim.0037	E08000030
mm.musa.006	E09000033
mm.domus.SW193	E06000054
mm.wiki.456	S12000034
mm.domus.EM003	E07000137
mm.misc.112	S12000034
mm.fcm.001	E07000206
mm.domus.EM059	E07000153
mm.aim.0014	E09000001
mm.domus.SE177	E07000085
mm.hha.117	E07000165
mm.domus.SW093	E07000040
mm.domus.SC242	S12000005
mm.domus.SC013	S12000040
mm.aim.0710	E06000057
mm.aim82NM.006	E07000046
mm.aim.0018	E07000198
mm.hha.094	E07000151
mm.domus.SC016	S12000024
mm.domus.SE415	E07000227
mm.wiki.420	N09000005
mm.misc.084	N09000002
mm.aim.0021	E07000005
mm.domus.SE578	E07000005
mm.domus.WA005	W06000008
mm.domus.WA101	W06000023
mm.mgs.388	S12000035
mm.domus.SE007	E09000033
mm.domus.SC220	S12000033
mm.domus.SC293	S12000036
mm.aim.0025	E07000071
mm.domus.WM103	E07000197
mm.domus.SE116	E07000143
mm.domus.SE178	E07000093
mm.domus.SC068	S12000015
mm.domus.NI030	N09000008
mm.domus.WA081	W06000023
mm.domus.SE539	E07000009
mm.musa.008	S12000041
mm.domus.NE002	E06000047
mm.domus.WM033	E07000221
mm.domus.SE416	E07000063
mm.domus.SW198	E06000052
mm.wiki.341	E07000195
mm.mgs.327	S12000017
mm.musa.010	E09000033
mm.domus.NE033	E08000023
mm.domus.SC021	S12000041
mm.domus.SC020	S12000041
mm.hha.112	E07000219
mm.domus.SC024	S12000034
mm.mgs.380	S12000034
mm.wiki.097	E06000010
mm.hha.016	E07000180
mm.nimc.007	N09000002
mm.domus.SC069	S12000030
mm.hha.131	E06000049
mm.domus.SW231	E07000043
mm.aim82NM.009	E07000079
mm.mgs.367	S12000040
mm.domus.NI018	N09000002
mm.domus.NI022	N09000002
mm.domus.NW073	E07000031
mm.hha.158	S12000019
mm.misc.031	E06000021
mm.domus.SC030	S12000021
mm.wiki.218	E06000046
mm.musa.012	E09000019
mm.musa.015	N09000008
mm.wiki.375	E07000224
mm.domus.SE174	E07000224
mm.wiki.393	E06000054
mm.domus.SE515	E07000004
mm.ace.1163	E07000209
mm.misc.058	E07000035
mm.domus.SW157	E07000045
mm.domus.EM004	E07000134
mm.wiki.121	E07000077
mm.domus.SE248	E07000105
mm.wiki.236	E07000105
mm.domus.SE388	E07000178
mm.hha.074	E07000096
mm.domus.SE173	E07000099
mm.MDN.005	E08000017
mm.wiki.167	E09000018
mm.aim.0036	E08000025
mm.domus.NW003	E08000008
mm.domus.NW007	E08000010
mm.domus.NW006	E07000118
mm.domus.WM065	E08000025
mm.aim.0038	E07000179
mm.hha.042	E07000052
mm.domus.SW003	E06000054
mm.aim.0040	S12000024
mm.wiki.490	S12000024
mm.domus.NW014	E08000014
mm.domus.WM140	E06000051
mm.aim.0042	E06000054
mm.domus.SC032	S12000035
mm.wiki.093	E06000047
mm.domus.SE478	E07000077
mm.domus.SC071	S12000045
mm.domus.SC033	S12000027
mm.misc.018	E06000052
mm.aim82M.002	E08000034
mm.musa.021	E08000028
mm.hha.008	E07000094
mm.aim82NM.011	E06000054
mm.aim.0044	E06000025
mm.domus.WM001	E07000234
mm.aim.0046	E08000007
mm.domus.SW094	E07000040
mm.domus.SW173	E07000040
mm.domus.NE003	E06000047
mm.aim.0049	E07000144
mm.domus.EM013	E07000140
mm.musa.022	S12000028
mm.musa.023	E07000125
mm.ace.1086	E07000222
mm.misc.182	E06000025
mm.domus.YH011	E08000034
mm.ace.1189	E06000057
mm.domus.SC271	S12000008
mm.aim82NM.017	E06000030
mm.aim.0052	W06000012
mm.fcm.013	E07000191
mm.domus.EM014	E07000035
mm.wiki.206	E07000099
mm.domus.SE109	E07000094
mm.musa.026	N09000007
mm.hha.163	S12000020
mm.domus.NI025	N09000004
mm.domus.NI032	N09000008
mm.domus.NI023	N09000004
mm.hha.164	S12000034
mm.aim.0054	E06000057
mm.domus.SE181	E07000177
mm.domus.SC028	S12000034
mm.wiki.237	E07000122
mm.domus.SC027	S12000034
mm.domus.WA102	W06000002
mm.aim82M.023	E07000143
mm.aim.0057	E09000001
mm.domus.YH111	E08000033
mm.wiki.416	N09000002
mm.ace.1177	E09000033
mm.domus.WM015	E08000031
mm.aim82M.063	E06000024
mm.aim.0058	E06000014
mm.domus.SW178	E06000052
mm.domus.WM082	E08000025
mm.Mus70Cal.028	E06000045
mm.domus.YH030	E06000014
mm.musa.031	E07000066
mm.aim82NM.012	W06000002
mm.aim.0060	W06000002
mm.nimc.013	N09000002
mm.wiki.048	E06000052
mm.domus.SE004	E09000003
mm.aim82M.003	E07000052
mm.wiki.089	E07000043
mm.aim.0062	E07000046
mm.domus.SC070	S12000045
mm.mgs.044	S12000013
mm.domus.SC233	S12000042
mm.ace.1238	E07000034
mm.mald.052	W06000014
mm.wiki.281	E07000144
mm.domus.SE518	E06000037
mm.domus.SE599	E07000084
mm.wiki.333	E07000190
mm.domus.EM015	E07000171
mm.domus.SE528	E07000064
mm.domus.SW095	E06000022
mm.aim82NM.016	E06000022
mm.aim82NM.021	E06000022
mm.domus.SW005	E06000022
mm.domus.SW174	E06000022
mm.domus.YH017	E08000036
mm.domus.SE187	E07000064
mm.wiki.150	E09000017
mm.wiki.255	E07000137
mm.aim.0484	
mm.musa.035	E07000070
mm.aim.0067	E07000203
mm.misc.137	E07000069
mm.musa.036	E06000011
mm.domus.YH033	E06000013
mm.domus.SW188	E07000052
mm.domus.NE004	E06000047
mm.domus.SE214	E07000106
mm.aim82NM.013	E09000028
mm.wiki.198	E07000085
mm.domus.NW172	E07000031
mm.musa.037	E07000091
mm.domus.WA007	W06000001
mm.domus.SE418	E07000206
mm.domus.YH034	E07000167
mm.domus.SW004	E06000022
mm.domus.YH032	E07000164
mm.domus.SE414	E06000055
mm.domus.SE339	E06000032
mm.aim.0993	E07000219
mm.wiki.394	E06000054
mm.aim.0074	E07000115
mm.domus.SE196	E06000033
mm.misc.179	E07000074
mm.ace.1109	E06000050
mm.domus.EM069	E06000016
mm.musa.039	N09000009
mm.wiki.419	N09000006
mm.hha.011	E07000113
mm.wiki.064	E07000032
mm.musa.041	E06000057
mm.domus.EM088	E07000141
mm.hha.089	E07000133
mm.aim.0077	E06000046
mm.domus.SE005	E09000007
mm.domus.YH156	E07000164
mm.aim.0079	E09000033
mm.domus.SC072	S12000040
mm.wiki.309	E07000179
mm.domus.WM139	E06000051
mm.wiki.107	E07000065
mm.aim.0081	E09000015
mm.ace.1217	E07000205
mm.wiki.141	E07000082
mm.domus.SE068	E09000020
mm.musa.042	E06000041
mm.ace.1116	E06000038
mm.domus.SE194	E06000040
mm.musa.043	E08000029
mm.ace.1089	E06000019
mm.domus.WA013	W06000006
mm.domus.NE006	E06000057
mm.wiki.105	E06000011
mm.MDN.029	E06000021
mm.domus.SE006	E09000006
mm.mald.013	W06000003
mm.domus.YH168	E06000011
mm.ace.1118	E06000011
mm.domus.WM039	E07000239
mm.domus.SE193	E07000064
mm.domus.SE192	E07000064
mm.domus.SE191	E09000004
mm.musa.045	E07000040
mm.wiki.076	E07000046
mm.aim82NM.015	E06000028
mm.domus.WA016	W06000020
mm.mgs.223	S12000029
mm.domus.SC007	S12000029
mm.musa.046	S12000029
mm.musa.047	E07000225
mm.domus.NE007	E06000004
mm.domus.WM014	E08000031
mm.domus.WM048	E08000030
mm.musa.048	E07000028
mm.domus.NW059	E08000015
mm.ace.1208	E08000025
mm.domus.WM063	E08000025
mm.wiki.368	E08000025
mm.domus.WM064	E08000025
mm.domus.WM113	E08000028
mm.domus.SE152	E07000143
mm.wiki.324	E07000190
mm.domus.SE087	E07000094
mm.ace.1240	E06000051
mm.domus.YH022	E08000019
mm.domus.SE189	E07000242
mm.ace.504	E07000242
mm.aim.0098	E07000045
mm.musa.050	E06000045
mm.domus.WM110	E06000019
mm.domus.WM042	E08000027
mm.domus.SC038	S12000024
mm.domus.NW121	E06000008
mm.wiki.011	E07000011
mm.aim82M.004	E06000046
mm.domus.SC309	S12000040
mm.aim.0099	N09000003
mm.ace.1128	E07000031
mm.aim82M.005	E07000093
mm.mald.014	W06000020
mm.wiki.452	W06000020
mm.wiki.325	E06000024
mm.mald.015	W06000019
mm.hha.169	S12000024
mm.domus.SC034	S12000034
mm.domus.SW012	E06000023
mm.domus.SW001	E07000188
mm.domus.WM066	E08000025
mm.ace.1112	E07000050
mm.domus.SW045	E07000050
mm.domus.SW016	E07000190
mm.hha.017	E07000181
mm.musa.052	N09000009
mm.ace.1278	E06000042
mm.domus.SE538	E07000144
mm.aim82NM.020	E09000007
mm.domus.WM126	E06000020
mm.wiki.282	E07000145
mm.domus.SE198	E07000177
mm.aim.1305	E07000190
mm.ace.1164	E07000063
mm.wiki.302	E06000057
mm.domus.SC073	S12000014
mm.domus.SC041	S12000027
mm.aim82M.071	W06000001
mm.domus.WA012	W06000004
mm.musa.053	E06000052
mm.domus.SW013	E06000052
mm.hha.185	W06000004
mm.aim.0105	E07000224
mm.domus.YH037	E08000032
mm.wiki.020	E06000049
mm.hha.118	E07000166
mm.domus.NW109	E08000001
mm.domus.NW016	E08000001
mm.wiki.271	E07000142
mm.wiki.062	E07000026
mm.fcm.026	S12000014
mm.domus.SE210	E06000043
mm.Mus70Cal.001	E08000014
mm.domus.SC289	S12000026
mm.domus.WM004	E07000236
mm.wiki.151	E09000028
mm.misc.014	S12000017
mm.mald.019	W06000008
mm.domus.WM118	E07000196
mm.wiki.395	E06000054
mm.domus.EM085	E07000136
mm.wiki.152	E09000018
mm.wiki.470	S12000008
mm.ace.1200	E07000132
mm.domus.NW015	E08000014
mm.misc.114	E07000009
mm.aim.1076	E07000153
mm.domus.SE209	E07000208
mm.aim.0107	E07000141
mm.fcm.027	E07000048
mm.ace.1282	E06000028
mm.aim.0109	E07000045
mm.domus.NE011	E06000047
mm.ace.1139	E08000024
mm.mgs.354	S12000026
mm.hha.063	E06000054
mm.aim.0110	E07000071
mm.MDN.012	
mm.domus.YH040	E08000032
mm.domus.YH036	E08000032
mm.domus.SW014	E06000054
mm.aim.0112	E08000032
mm.ace.1235	E06000046
mm.aim82M.066	E06000046
mm.misc.172	E07000045
mm.misc.180	E07000074
mm.wiki.090	E07000046
mm.wiki.457	S12000034
mm.domus.SE200	E07000067
mm.wiki.179	E09000028
mm.domus.NW019	E08000007
mm.wiki.378	E08000035
mm.domus.WM086	E07000195
mm.domus.SC026	S12000034
mm.domus.NW001	E07000031
mm.musa.055	E07000110
mm.domus.SW152	E07000043
mm.aim.0117	E07000091
mm.domus.SC023	S12000041
mm.domus.WA018	W06000023
mm.wiki.108	E07000064
mm.wiki.219	E07000113
mm.musa.057	E07000052
mm.domus.SE023	E09000005
mm.domus.SE199	E07000068
mm.musa.058	E07000112
mm.fcm.030	S12000027
mm.domus.SE563	E07000149
mm.aim82NM.014	E07000050
mm.domus.WM095	E06000051
mm.mgs.389	S12000046
mm.wiki.098	E06000011
mm.domus.SW151	E07000052
mm.wiki.211	E06000046
mm.mgs.391	S12000017
mm.domus.SE201	E07000076
mm.domus.SE581	E06000043
mm.misc.045	E06000043
mm.domus.SE211	E06000043
mm.ace.1213	E06000043
mm.aim82M.036	E06000043
mm.domus.WM002	E07000198
mm.aim.0126	E06000025
mm.domus.SW009	E06000023
mm.domus.SW007	E06000023
mm.domus.SW143	E06000023
mm.misc.080	E09000028
mm.wiki.077	E07000044
mm.aim82NM.022	E09000017
mm.aim.0127	E06000037
mm.domus.NW188	E07000126
mm.aim.0129	E06000052
mm.wiki.049	E06000052
mm.domus.SE008	E09000033
mm.domus.SW043	E06000023
mm.wiki.109	E06000043
mm.domus.SC042	S12000015
mm.aim82M.007	E06000050
mm.domus.EM024	E07000175
mm.fcm.032	E07000122
mm.aim.0135	E08000014
mm.misc.161	E07000147
mm.domus.WM120	E07000221
mm.domus.SE073	E09000007
mm.ace.1129	E09000033
mm.ace.1098	E07000099
mm.Mus70Cal.015	E09000033
mm.aim.0140	E09000022
mm.aim.0141	E07000205
mm.wiki.078	E06000027
mm.domus.SW006	E06000027
mm.wiki.434	W06000010
mm.domus.WM044	E08000027
mm.aim82M.062	E07000093
mm.wiki.402	E07000238
mm.hha.119	E07000167
mm.ace.1085	E06000019
mm.domus.SC043	S12000021
mm.misc.150	S12000020
mm.domus.YH153	E08000017
mm.domus.WM119	E07000234
mm.wiki.417	N09000002
mm.domus.YH101	E08000032
mm.misc.165	N09000006
mm.misc.060	
mm.domus.SE205	E07000207
mm.wiki.238	E06000009
mm.Mus70Cal.007	E09000010
mm.wiki.476	S12000017
mm.domus.WM130	E06000051
mm.ace.1110	E07000030
mm.hha.018	E07000177
mm.domus.SC048	S12000006
mm.domus.SC234	S12000042
mm.domus.SC008	S12000029
mm.hha.143	E07000124
mm.mgs.308	S12000040
mm.ace.042	E09000014
mm.domus.SE601	E09000028
mm.wiki.243	E07000131
mm.domus.SW229	E07000189
mm.misc.050	E07000189
mm.aim.0147	W06000019
mm.domus.SC051	S12000015
mm.wiki.484	S12000020
mm.wiki.153	E09000033
mm.domus.SE464	E07000004
mm.aim82M.054	E07000004
mm.domus.SE202	E07000004
mm.domus.SW234	E07000047
mm.mald.020	W06000005
mm.aim.0150	E07000064
mm.domus.SE204	E07000004
mm.domus.SE216	E07000106
mm.aim82NM.024	E06000019
mm.misc.198	E07000067
mm.domus.SE440	E07000206
mm.wiki.500	E07000242
mm.wiki.376	E07000228
mm.domus.SE027	E09000007
mm.domus.SE224	E06000031
mm.domus.SE249	E07000074
mm.domus.NW075	E07000117
mm.mgs.285	S12000028
mm.domus.SC055	S12000006
mm.mgs.310	S12000008
mm.mgs.381	S12000008
mm.domus.SC052	S12000015
mm.domus.SC074	S12000046
mm.aim82NM.025	E06000022
mm.aim.0155	E07000087
mm.domus.SE296	E07000086
mm.fcm.242	E07000149
mm.hha.120	E06000011
mm.domus.SW019	E07000046
mm.domus.YH046	E06000011
mm.MDN.030	E07000193
mm.domus.SE228	E07000009
mm.domus.NW020	E08000002
mm.wiki.187	E08000002
mm.domus.SE525	E07000180
mm.domus.SE227	E07000098
mm.ace.1186	E06000019
mm.domus.SC049	S12000035
mm.wiki.192	E07000085
mm.aim82NM.026	E07000037
mm.domus.EM106	E07000037
mm.aim82NM.018	W06000010
mm.wiki.503	E06000027
mm.aim.0158	E07000147
mm.wiki.315	E07000177
mm.ace.1226	E07000167
mm.aim82NM.027	E07000132
mm.hha.034	E07000040
mm.aim.0159	W06000004
mm.hha.029	E06000052
mm.wiki.441	W06000002
mm.domus.WA017	W06000002
mm.wiki.283	E07000145
mm.aim.0160	E07000142
mm.mgs.006	S12000017
mm.aim.0161	S12000017
mm.musa.067	E06000046
mm.domus.YH113	E08000033
mm.domus.WA002	W06000021
mm.domus.EM094	E07000039
mm.domus.SC083	S12000014
mm.aim82NM.028	E07000084
mm.domus.SW185	E06000052
mm.wiki.396	E06000054
mm.musa.069	E07000173
mm.domus.SW191	E06000052
mm.domus.WM121	E06000051
mm.domus.SE225	E07000008
mm.aim.0165	E09000007
mm.domus.SC062	S12000035
mm.aim82NM.029	W06000004
mm.ace.1117	E07000155
mm.mgs.374	S12000040
mm.domus.EM021	E06000018
mm.misc.151	S12000017
mm.domus.YH043	E08000016
mm.aim82NM.030	E08000025
mm.mald.024	W06000002
mm.domus.EM095	E07000151
mm.domus.SE251	E07000106
mm.domus.SE121	E07000106
mm.wiki.122	E07000069
mm.hha.132	E06000049
mm.aim.0167	E07000168
mm.domus.NE013	E06000002
mm.domus.YH047	E07000168
mm.domus.YH104	E07000164
mm.domus.WA026	W06000015
mm.mald.026	W06000015
mm.mald.027	W06000008
mm.wiki.415	N09000010
mm.mald.028	W06000009
mm.domus.SE229	E06000046
mm.musa.072	N09000009
mm.musa.073	E07000028
mm.musa.074	E07000028
mm.domus.SE520	E09000020
mm.mald.030	W06000010
mm.domus.WA022	W06000010
mm.domus.SC029	S12000034
mm.wiki.239	E07000121
mm.aim.0173	E07000153
mm.nimc.043	N09000008
mm.wiki.060	E07000026
mm.musa.075	E09000029
mm.ace.1134	E09000007
mm.domus.YH035	E08000032
mm.hha.084	E07000198
mm.aim.0174	E08000029
mm.musa.076	E07000189
mm.domus.SW108	E06000054
mm.domus.SE437	
mm.ace.1106	E07000134
mm.domus.SC064	S12000006
mm.domus.SW235	E07000047
mm.aim82NM.031	E06000025
mm.hha.121	E07000167
mm.wiki.477	S12000017
mm.aim82NM.032	S12000024
mm.domus.SC066	S12000006
mm.fcm.041	E07000069
mm.domus.NW157	
mm.domus.NI028	N09000010
mm.domus.YH120	E08000036
mm.wiki.479	S12000017
mm.domus.EM111	E07000037
mm.MDN.036	E07000053
mm.domus.NW095	E06000006
mm.hha.085	E07000039
mm.aim.0179	E07000032
mm.wiki.411	N09000004
mm.aim.1338	E07000187
mm.wiki.275	E08000012
mm.hha.165	S12000017
mm.domus.YH057	E08000016
mm.mald.090	W06000015
mm.domus.WA028	W06000012
mm.mgs.406	S12000046
mm.misc.130	W06000010
mm.domus.SE602	E09000007
mm.aim.0181	E07000008
mm.wiki.344	E06000021
mm.ace.1262	E07000140
mm.domus.SE448	E07000092
mm.hha.035	E07000043
mm.domus.SE577	E07000180
mm.fcm.045	
mm.mald.033	W06000009
mm.misc.098	E06000003
mm.domus.SW020	E07000189
mm.aim82NM.099	E07000189
mm.musa.081	E07000181
mm.ace.1092	E07000221
mm.domus.SE137	E07000143
mm.domus.SE230	E06000044
mm.domus.SE016	E09000007
mm.domus.SE232	E07000065
mm.wiki.027	E06000052
mm.aim.0188	E09000011
mm.aim.0796	E09000011
mm.misc.168	E07000180
mm.domus.EM104	E07000130
mm.aim.1353	E07000113
mm.domus.SE233	E09000001
mm.Mus70Cal.010	E07000216
mm.domus.SE531	E07000111
mm.ace.1229	E07000194
mm.domus.SE526	E07000181
mm.domus.SC258	S12000029
mm.domus.SE312	E06000035
mm.wiki.065	E07000035
mm.domus.SE253	E07000010
mm.aim82M.010	E06000021
mm.hha.053	E07000079
mm.wiki.195	E07000085
mm.wiki.326	E07000188
mm.domus.WM107	E07000198
mm.aim.0191	E07000221
mm.domus.SW242	E07000079
mm.domus.SE234	E07000070
mm.domus.SW021	E07000078
mm.aim82NM.033	E07000078
mm.hha.005	E07000005
mm.domus.WA003	W06000021
mm.domus.NE077	E06000057
mm.domus.SE235	E07000212
mm.ace.1287	E07000005
mm.domus.NW026	E06000050
mm.aim82NM.036	E06000050
mm.wiki.021	E06000050
mm.domus.EM033	E07000034
mm.domus.NE017	E06000057
mm.domus.NW034	E08000003
mm.aim82NM.034	E06000057
mm.musa.083	E07000225
mm.domus.SE420	E07000111
mm.hha.150	E06000057
mm.hha.109	E07000196
mm.domus.SE237	E07000005
mm.aim82NM.037	E07000007
mm.misc.051	E06000021
mm.ace.516	E06000054
mm.aim82NM.055	E07000079
mm.musa.084	E07000181
mm.domus.WA092	W06000006
mm.wiki.397	E06000030
mm.domus.SE473	E09000018
mm.wiki.356	E07000214
mm.domus.SE390	E07000178
mm.aim.0200	E07000227
mm.domus.SE305	E07000202
mm.misc.073	E07000048
mm.mgs.398	S12000021
mm.domus.SE075	E09000003
mm.wiki.310	E07000181
mm.domus.WM109	E06000019
mm.ace.1172	E09000033
mm.domus.WM045	E07000198
mm.aim82M.009	W06000004
mm.wiki.148	E07000080
mm.fcm.051	E06000018
mm.domus.EM046	E07000138
mm.domus.SC076	S12000036
mm.wiki.155	E09000001
mm.domus.SE153	E07000144
mm.domus.SC150	S12000006
mm.mgs.361	S12000017
mm.domus.SC077	S12000024
mm.domus.SC075	S12000017
mm.aim.0204	S12000035
mm.aim82NM.057	S12000017
mm.domus.SC078	S12000017
mm.domus.SE553	E07000209
mm.aim82NM.053	E07000047
mm.domus.SE175	E07000204
mm.domus.YH166	E08000036
mm.ace.1234	E06000046
mm.domus.SE516	E07000004
mm.ace.1288	E07000193
mm.wiki.188	E08000003
mm.aim.0207	E07000080
mm.ace.1099	E06000024
mm.domus.NE018	E06000002
mm.domus.NE019	E06000002
mm.domus.NE049	E06000003
mm.domus.YH038	E08000032
mm.wiki.345	E07000202
mm.domus.YH055	E08000018
mm.fcm.056	E09000028
mm.ace.1149	E09000011
mm.domus.NW042	E07000124
mm.domus.WM023	E06000051
mm.domus.SW208	E07000051
mm.misc.131	W06000023
mm.misc.004	E09000012
mm.musa.090	E06000051
mm.domus.SC079	S12000039
mm.mgs.302	S12000038
mm.domus.WM125	E06000020
mm.domus.WM124	E06000020
mm.misc.079	S12000010
mm.domus.SW073	E06000030
mm.aim.0211	E07000043
mm.domus.SC294	S12000036
mm.domus.SE183	E07000181
mm.aim.0213	E07000067
mm.fcm.059	S12000017
mm.domus.SE071	E07000071
mm.domus.SW097	E07000042
mm.domus.SC036	S12000026
mm.wiki.142	E07000080
mm.domus.WM022	E06000051
mm.domus.NI038	N09000004
mm.domus.SW209	E07000188
mm.domus.SW236	E07000044
mm.domus.SC224	S12000046
mm.aim.0215	E07000148
mm.domus.NW130	E07000122
mm.Mus70Cal.004	E07000122
mm.domus.YH050	E08000034
mm.aim.0217	E07000067
mm.aim.0218	E07000067
mm.aim.0219	E07000105
mm.domus.YH051	E08000032
mm.wiki.079	E07000040
mm.domus.SC143	S12000044
mm.domus.SW026	E07000043
mm.aim.0222	E07000181
mm.ace.1178	E07000074
mm.fcm.062	S12000017
mm.mgs.287	S12000026
mm.domus.SE471	E09000020
mm.misc.173	E07000044
mm.domus.WM123	E07000221
mm.aim.0228	S12000013
mm.domus.NW033	E06000049
mm.domus.SW092	E07000041
mm.ace.1291	E06000052
mm.wiki.438	W06000003
mm.mald.037	W06000003
mm.domus.YH044	E08000016
mm.domus.NE068	E06000057
mm.aim.0231	E07000150
mm.hha.162	S12000029
mm.domus.SW179	E07000051
mm.domus.SW029	E07000079
mm.fcm.064	S12000026
mm.aim82NM.038	E06000052
mm.wiki.028	E06000052
mm.wiki.029	E06000052
mm.misc.047	E06000052
mm.domus.SW078	E06000052
mm.hha.188	W06000021
mm.domus.SW028	E06000052
mm.domus.SW104	E06000052
mm.domus.SC081	S12000023
mm.mald.038	W06000002
mm.hha.064	E06000054
mm.aim.0304	W06000004
mm.musa.092	E06000052
mm.domus.SW199	E06000052
mm.domus.SW200	E06000052
mm.musa.093	E06000046
mm.misc.094	E07000079
mm.domus.SW030	E07000079
mm.aim.0234	E07000079
mm.domus.NW048	E07000121
mm.hha.095	E07000151
mm.aim.1025	E07000225
mm.fcm.067	E07000148
mm.aim82NM.023	E07000189
mm.ace.1199	E07000079
mm.wiki.221	E07000113
mm.domus.SE383	E09000033
mm.domus.SC089	S12000019
mm.wiki.374	E08000026
mm.domus.WM088	E08000026
mm.aim.0236	E08000026
mm.aim82M.032	S12000029
mm.domus.WA029	W06000014
mm.domus.SE184	E06000046
mm.domus.SE240	E06000042
mm.musa.095	E07000108
mm.domus.SW032	E07000216
mm.domus.NE074	E06000057
mm.nimc.016	N09000002
mm.domus.SC090	S12000015
mm.musa.096	E07000114
mm.domus.SE252	E07000116
mm.wiki.257	E07000139
mm.domus.SC320	S12000029
mm.domus.SE454	E07000226
mm.wiki.080	E07000042
mm.musa.097	S12000006
mm.mgs.370	S12000006
mm.domus.NW186	
mm.hha.190	W06000009
mm.domus.EM081	E07000033
mm.wiki.022	E06000049
mm.domus.SW033	E07000189
mm.domus.SW034	E06000054
mm.ace.1091	E06000019
mm.wiki.398	E06000054
mm.musa.099	E09000006
mm.domus.SC092	S12000017
mm.domus.SE113	E07000147
mm.aim.0983	E07000035
mm.domus.SE245	E07000011
mm.aim.0244	E09000011
mm.domus.NW052	E08000012
mm.aim.0245	E07000211
mm.domus.SE013	E09000008
mm.domus.SE243	E09000006
mm.domus.SE242	E07000228
mm.fcm.072	E06000049
mm.musa.100	S12000017
mm.domus.SC044	S12000015
mm.fcm.073	E07000026
mm.domus.SC315	S12000044
mm.domus.NW032	E07000030
mm.domus.NW029	E07000028
mm.domus.SE014	E09000028
mm.aim.0249	S12000015
mm.domus.SE221	E07000085
mm.aim82M.068	E06000024
mm.domus.YH054	E08000017
mm.domus.WA031	W06000024
mm.domus.WA030	W06000016
mm.domus.EM025	E07000172
mm.fcm.074	E07000143
mm.domus.SC091	S12000006
mm.hha.136	E07000030
mm.domus.YH049	E07000166
mm.mgs.284	S12000021
mm.musa.101	S12000019
mm.misc.160	S12000020
mm.mgs.373	S12000036
mm.musa.102	N09000002
mm.aim82M.064	W06000023
mm.ace.1193	E09000004
mm.domus.WM129	E06000020
mm.domus.SE260	E07000107
mm.fcm.075	E07000047
mm.domus.SW186	E07000044
mm.aim.0254	E06000008
mm.wiki.207	E07000242
mm.domus.EM026	E07000151
mm.wiki.379	E08000034
mm.domus.SC093	S12000029
mm.wiki.066	E07000035
mm.wiki.030	E06000052
mm.domus.SW035	E07000045
mm.ace.1204	E07000098
mm.aim.0130	E06000007
mm.musa.109	E07000108
mm.domus.SE336	E07000108
mm.domus.SC097	S12000008
mm.domus.SW036	E07000080
mm.domus.SW037	E07000080
mm.hha.096	E07000152
mm.misc.013	E07000114
mm.wiki.458	S12000034
mm.domus.SC275	S12000013
mm.domus.WA015	W06000004
mm.mald.042	W06000004
mm.wiki.067	E07000032
mm.wiki.156	E09000030
mm.domus.SC095	S12000039
mm.domus.SW144	E06000023
mm.domus.EM034	E06000015
mm.fcm.078	E06000015
mm.domus.EM035	E06000015
mm.wiki.423	N09000005
mm.ace.1239	E07000153
mm.domus.SE015	E09000020
mm.mgs.362	S12000006
mm.aim.0358	E06000026
mm.domus.SW038	E07000044
mm.wiki.023	E06000050
mm.wiki.380	E08000034
mm.aim82NM.035	E08000034
mm.wiki.381	E08000034
mm.domus.YH012	E08000034
mm.misc.074	S12000010
mm.domus.SC096	S12000008
mm.musa.112	E07000114
mm.domus.SE259	E07000179
mm.ace.023	E06000014
mm.domus.SE468	E06000046
mm.mald.043	W06000010
mm.aim.1047	E07000047
mm.domus.SC098	S12000017
mm.aim.0262	E06000046
mm.ace.1115	E06000046
mm.fcm.083	E07000052
mm.fcm.082	E07000052
mm.aim82M.011	E07000037
mm.aim.0265	E07000146
mm.ace.327	E07000141
mm.domus.NE028	E08000021
mm.domus.SC181	S12000042
mm.ace.1286	E07000134
mm.domus.SE154	E07000149
mm.domus.SE419	E07000063
mm.aim.0441	E07000088
mm.wiki.256	E07000137
mm.domus.NW086	E07000027
mm.aim.0269	E07000139
mm.aim82NM.041	E06000025
mm.aim82NM.043	W06000003
mm.domus.SC099	S12000005
mm.aim82NM.039	E06000043
mm.domus.SE467	E07000113
mm.domus.YH053	E08000017
mm.musa.115	E07000134
mm.mgs.311	S12000008
mm.domus.SE439	E07000179
mm.hha.133	E06000049
mm.ace.1156	E09000021
mm.domus.SE258	E07000210
mm.domus.NE012	E06000002
mm.hha.003	E07000006
mm.domus.SW042	E07000052
mm.Mus70Cal.011	E06000012
mm.domus.SC100	S12000029
mm.aim82M.012	S12000030
mm.domus.NW053	E07000031
mm.domus.SE500	E07000108
mm.domus.SE257	E07000108
mm.domus.SE459	E07000108
mm.wiki.329	E07000191
mm.domus.NI002	N09000010
mm.domus.SE579	E09000006
mm.domus.NI019	N09000010
mm.domus.SW106	E07000082
mm.domus.SE582	E09000001
mm.misc.041	S12000006
mm.domus.WM055	E07000238
mm.hha.177	S12000006
mm.aim82NM.054	E07000065
mm.hha.181	S12000035
mm.aim.0280	E08000027
mm.domus.WM043	E08000027
mm.domus.WM138	E06000051
mm.domus.SC311	S12000034
mm.domus.SC238	S12000020
mm.misc.077	S12000020
mm.wiki.407	E07000175
mm.domus.SE018	E09000028
mm.aim.0282	S12000006
mm.aim.0283	S12000008
mm.domus.SC054	S12000006
mm.domus.SC102	S12000008
mm.mgs.303	S12000010
mm.aim.0284	S12000017
mm.domus.SC103	S12000030
mm.aim.0287	S12000042
mm.wiki.498	S12000028
mm.domus.SC104	S12000015
mm.domus.NW169	E08000009
mm.musa.116	E09000033
mm.aim82NM.044	S12000015
mm.domus.SC296	S12000024
mm.wiki.082	E07000040
mm.wiki.143	E07000082
mm.hha.171	S12000041
mm.aim.0288	S12000035
mm.mgs.075	S12000035
mm.musa.117	S12000017
mm.misc.174	E07000046
mm.domus.SW210	E07000191
mm.domus.SW206	E07000191
mm.hha.167	S12000017
mm.domus.SE256	E07000205
mm.domus.NE052	E06000047
mm.domus.NE022	E06000047
mm.wiki.095	E06000047
mm.wiki.094	E06000047
mm.domus.NE020	E06000047
mm.domus.NE053	E06000047
mm.domus.NE054	E06000047
mm.wiki.144	E07000082
mm.wiki.123	E07000069
mm.domus.YH141	E08000032
mm.aim82NM.004	E07000030
mm.wiki.435	W06000010
mm.musa.118	W06000011
mm.domus.SW211	E06000025
mm.domus.NW179	E07000122
mm.domus.EM005	E07000156
mm.musa.119	E07000067
mm.wiki.371	E08000029
mm.aim.0292	S12000035
mm.domus.SE591	E07000206
mm.domus.SE442	E07000071
mm.aim.0295	E07000113
mm.wiki.501	E06000046
mm.musa.120	E07000076
mm.domus.SE032	E07000228
mm.domus.NW054	E06000008
mm.wiki.245	E07000134
mm.musa.121	E06000052
mm.domus.YH160	E08000032
mm.aim.0300	E07000187
mm.domus.SE463	E07000215
mm.musa.122	E07000061
mm.wiki.222	E06000035
mm.domus.SE264	E06000054
mm.domus.SE270	E06000044
mm.aim82NM.046	E07000205
mm.aim.0302	W06000019
mm.fcm.090	E07000167
mm.domus.SE587	E07000111
mm.wiki.472	S12000036
mm.mgs.345	S12000036
mm.aim82NM.047	S12000036
mm.hha.043	E07000049
mm.aim82NM.048	E07000215
mm.domus.SE269	E07000212
mm.domus.WA100	W06000011
mm.misc.106	E07000222
mm.domus.SC126	S12000020
mm.wiki.223	E07000112
mm.aim.0307	E07000091
mm.domus.SE130	
mm.wiki.189	E08000003
mm.domus.YH118	E08000036
mm.domus.SW226	E06000026
mm.domus.SE106	E07000145
mm.domus.NW031	E08000005
mm.aim.1355	E06000052
mm.wiki.467	S12000006
mm.hha.091	E07000141
mm.domus.SE268	E07000207
mm.musa.126	E08000016
mm.wiki.001	E06000055
mm.aim.0310	E07000098
mm.ace.1100	E09000011
mm.hha.070	E07000011
mm.domus.SE267	E07000009
mm.domus.YH066	E07000163
mm.domus.SE460	E07000090
mm.ace.045	E09000010
mm.misc.108	E06000020
mm.domus.NW150	E06000049
mm.domus.SE265	E07000072
mm.ace.1114	E06000013
mm.ace.1145	E07000194
mm.domus.WA078	W06000006
mm.domus.EM037	E07000036
mm.domus.SE190	E09000004
mm.ace.1250	E06000034
mm.ace.1120	E07000070
mm.domus.SE271	E07000070
mm.misc.057	E06000040
mm.domus.WM062	E06000021
mm.hha.080	E07000204
mm.misc.038	E07000041
mm.musa.129	E07000041
mm.wiki.336	E07000191
mm.domus.SW044	E07000040
mm.musa.130	E08000016
mm.ace.1153	E07000088
mm.domus.EM012	E07000035
mm.fcm.279	S12000026
mm.domus.SC111	S12000026
mm.nimc.026	N09000002
mm.domus.YH064	E06000014
mm.domus.SW161	E07000040
mm.domus.SE126	E07000147
mm.domus.SC236	S12000020
mm.domus.SW018	E06000052
mm.MDN.035	E07000194
mm.domus.SE125	E09000033
mm.musa.132	E07000187
mm.wiki.110	E07000065
mm.ace.1259	E07000092
mm.wiki.157	E09000028
mm.domus.SW052	E06000022
mm.musa.135	E07000067
mm.domus.SE543	E07000147
mm.ace.1143	E07000205
mm.musa.136	E07000146
mm.domus.SE521	E09000007
mm.aim82NM.050	
mm.domus.YH134	E06000010
mm.wiki.213	E06000046
mm.domus.SC117	S12000024
mm.domus.NI003	N09000006
mm.domus.NI021	N09000003
mm.domus.SC298	S12000027
mm.domus.SC112	S12000015
mm.aim.0335	E07000065
mm.aim.0336	E07000168
mm.domus.SW047	E07000047
mm.wiki.224	E07000116
mm.wiki.124	E07000067
mm.wiki.485	S12000020
mm.aim82NM.133	E07000093
mm.mgs.392	S12000018
mm.domus.SE513	E09000011
mm.aim.0340	W06000015
mm.hha.022	E07000063
mm.domus.SE588	E07000099
mm.aim82NM.049	E07000152
mm.domus.SE099	E07000225
mm.fcm.098	E07000147
mm.domus.YH161	E06000012
mm.domus.SE375	E07000008
mm.aim.0342	E06000031
mm.musa.138	E06000052
mm.wiki.100	E06000011
mm.domus.NI035	N09000008
mm.domus.SW118	E07000189
mm.domus.NW043	E07000128
mm.wiki.158	E09000033
mm.Mus70Cal.020	E08000003
mm.domus.SE289	E07000113
mm.domus.EM097	E07000176
mm.hha.154	S12000026
mm.domus.SE222	E07000085
mm.domus.NI029	N09000006
mm.wiki.061	E07000029
mm.domus.SE021	E09000022
mm.wiki.111	E07000062
mm.fcm.100	S12000020
mm.domus.SE077	E07000112
mm.hha.187	W06000014
mm.domus.SE288	E07000004
mm.domus.WM061	E06000021
mm.hha.044	E07000052
mm.aim82NM.045	E07000091
mm.ace.1157	E07000091
mm.mgs.292	S12000034
mm.musa.140	E06000045
mm.domus.WM003	E07000236
mm.aim.0350	E07000149
mm.aim.0351	E06000035
mm.ace.1233	E07000088
mm.domus.SE438	
mm.wiki.101	E06000011
mm.wiki.273	E08000015
mm.domus.SE286	E09000010
mm.mgs.415	S12000046
mm.fcm.102	E07000051
mm.wiki.031	E06000052
mm.ace.1142	E06000054
mm.domus.WM053	E07000198
mm.domus.NI005	N09000005
mm.mgs.394	S12000034
mm.aim.0353	E07000179
mm.misc.095	E08000001
mm.misc.029	E09000033
mm.ace.1124	E06000025
mm.domus.SE274	E09000007
mm.domus.SC113	S12000042
mm.wiki.126	E07000076
mm.domus.SW246	E07000187
mm.domus.SE273	E07000077
mm.domus.SE047	E09000013
mm.domus.NW168	E07000027
mm.hha.036	E07000042
mm.domus.NE021	E06000057
mm.wiki.240	E07000119
mm.domus.SC045	S12000034
mm.domus.EM031	E07000142
mm.domus.SE281	E07000200
mm.domus.SC230	S12000017
mm.mgs.281	S12000046
mm.domus.SW098	E06000052
mm.domus.NW078	E08000004
mm.musa.141	E08000028
mm.mgs.377	S12000034
mm.mgs.293	S12000034
mm.domus.NW147	E08000012
mm.nimc.036	N09000004
mm.wiki.357	E07000210
mm.wiki.024	E06000049
mm.misc.143	E07000117
mm.ace.1202	E07000117
mm.wiki.258	E07000137
mm.domus.SW227	E06000052
mm.domus.SE022	E09000012
mm.wiki.193	E06000044
mm.wiki.180	E09000020
mm.aim82M.014	W06000006
mm.wiki.367	E07000219
mm.aim82NM.058	E07000163
mm.domus.WM142	E07000237
mm.domus.NE075	E06000057
mm.domus.SW011	E06000023
mm.domus.YH065	E07000166
mm.aim.0370	
mm.wiki.032	E06000052
mm.fcm.107	S12000017
mm.wiki.127	E07000073
mm.domus.SE396	E07000085
mm.domus.SW063	E07000050
mm.domus.SC009	S12000029
mm.domus.WM054	E06000021
mm.hha.173	S12000041
mm.musa.142	E07000147
mm.aim.0373	S12000046
mm.domus.SC318	S12000046
mm.mgs.314	S12000046
mm.domus.SW064	E07000187
mm.wiki.327	E07000187
mm.hha.192	N09000008
mm.domus.SC270	S12000035
mm.aim82M.015	S12000019
mm.wiki.480	S12000017
mm.domus.SC114	S12000041
mm.domus.SC115	S12000017
mm.hha.081	E07000205
mm.misc.115	E06000055
mm.aim.0378	E06000023
mm.domus.SW066	E07000081
mm.aim82NM.051	E07000081
mm.domus.SW079	E07000081
mm.musa.145	E07000083
mm.hha.023	E07000063
mm.domus.WA034	W06000011
mm.domus.SE276	E06000045
mm.domus.SE282	E07000216
mm.MDN.008	E06000014
mm.domus.SW117	E07000050
mm.aim.1063	E09000028
mm.wiki.083	E06000027
mm.hha.013	E07000105
mm.aim82M.017	E07000035
mm.hha.024	E07000225
mm.domus.YH063	E06000011
mm.fcm.109	E07000140
mm.domus.SC116	S12000033
mm.aim.0382	E07000238
mm.hha.075	E07000240
mm.misc.181	E07000067
mm.hha.159	S12000010
mm.domus.SE295	E07000094
mm.aim82M.016	E07000188
mm.aim82M.018	W06000011
mm.mald.055	W06000011
mm.domus.SC118	S12000006
mm.aim82NM.052	S12000023
mm.domus.SC119	S12000034
mm.aim82M.019	W06000005
mm.wiki.112	E06000043
mm.domus.SC087	S12000014
mm.domus.SE052	E09000007
mm.domus.EM029	E07000141
mm.domus.SC121	S12000017
mm.domus.YH143	E07000163
mm.domus.YH026	E08000019
mm.wiki.225	E07000109
mm.domus.SE045	E07000109
mm.domus.NE023	E06000001
mm.domus.NI034	N09000005
mm.wiki.128	E07000067
mm.musa.270	E07000176
mm.wiki.248	E07000130
mm.domus.SW212	E06000054
mm.hha.025	E07000064
mm.aim.0389	E07000077
mm.domus.NE057	E08000021
mm.musa.149	W06000003
mm.aim.0393	E08000005
mm.domus.NW056	E08000003
mm.domus.NE009	E06000004
mm.domus.EM023	E06000018
mm.domus.WA070	W06000005
mm.domus.SC010	S12000029
mm.aim.1190	S12000038
mm.domus.SE275	E09000011
mm.ace.399	E09000011
mm.domus.SE114	E07000143
mm.aim.0400	S12000006
mm.wiki.418	N09000011
mm.ace.1088	E07000237
mm.domus.SE527	E07000179
mm.wiki.454	W06000020
mm.hha.092	E07000141
mm.Mus70Cal.029	E08000024
mm.domus.SC122	S12000017
mm.domus.NW125	E06000050
mm.misc.101	E07000053
mm.domus.NW185	
mm.domus.SE024	E09000033
mm.musa.151	
mm.domus.SE436	
mm.misc.053	
mm.musa.153	E07000209
mm.domus.SE284	E07000209
mm.domus.SE290	E07000209
mm.domus.SE303	E09000001
mm.musa.156	E07000225
mm.domus.SE285	E06000035
mm.domus.NW022	E07000028
mm.domus.NE041	E06000003
mm.domus.EM096	E07000137
mm.domus.SE302	E09000018
mm.domus.EM112	E06000016
mm.musa.157	E09000028
mm.mald.058	W06000004
mm.musa.158	W06000010
mm.domus.WM076	E07000220
mm.aim.0405	E06000049
mm.wiki.489	S12000023
mm.domus.SE026	E09000012
mm.aim.0406	E07000004
mm.wiki.459	S12000034
mm.hha.086	E07000035
mm.domus.WM115	E08000028
mm.aim.0407	E07000115
mm.domus.NW190	E07000029
mm.domus.SW225	E07000083
mm.domus.SE301	E07000206
mm.domus.NW110	E08000001
mm.ace.039	E09000004
mm.domus.WM030	E07000221
mm.aim.0410	E07000131
mm.domus.SC247	S12000026
mm.domus.SE208	E07000067
mm.domus.SE552	E09000027
mm.aim82NM.062	E07000035
mm.wiki.377	E07000065
mm.ace.1175	E09000027
mm.domus.SE127	
mm.ace.1087	E07000238
mm.domus.SE508	E09000033
mm.domus.YH140	E06000010
mm.musa.160	E08000019
mm.domus.EM074	E07000131
mm.misc.027	E07000168
mm.domus.NI004	N09000005
mm.domus.EM093	E07000033
mm.hha.054	E07000082
mm.domus.SW213	E07000052
mm.domus.YH060	E08000035
mm.wiki.288	E07000149
mm.domus.EM009	E07000171
mm.domus.YH059	E07000165
mm.domus.SE148	E07000073
mm.musa.162	E07000046
mm.Mus70Cal.025	E06000052
mm.domus.NW085	E07000123
mm.domus.SE030	E09000015
mm.hha.037	E07000046
mm.domus.NE079	E06000001
mm.hha.186	W06000005
mm.domus.WM131	E07000221
mm.fcm.114	E06000023
mm.hha.115	E07000239
mm.musa.163	E07000076
mm.musa.164	E07000076
mm.musa.165	E07000076
mm.domus.SE300	E07000216
mm.domus.SE490	E07000062
mm.domus.SE298	E07000062
mm.domus.SE299	E07000062
mm.domus.NW191	E08000007
mm.domus.SE554	E07000209
mm.wiki.208	E07000241
mm.domus.WA011	W06000001
mm.musa.166	
mm.domus.SE297	E07000090
mm.wiki.131	E07000066
mm.domus.WA103	W06000009
mm.domus.SE294	E07000204
mm.aim.0420	E09000016
mm.domus.SC145	S12000026
mm.wiki.053	E07000031
mm.domus.NW057	E07000120
mm.aim82NM.124	E07000215
mm.misc.175	E07000040
mm.wiki.033	E06000052
mm.aim.0422	E07000189
mm.wiki.259	E06000013
mm.domus.NE066	E06000005
mm.aim.0423	N09000006
mm.domus.NE024	E06000001
mm.aim.0425	E07000039
mm.Mus70Cal.017	S12000006
mm.wiki.075	E07000032
mm.aim.1223	E09000015
mm.domus.SC123	S12000046
mm.domus.NE040	E06000057
mm.domus.NW011	E08000003
mm.wiki.190	E08000003
mm.musa.168	E07000065
mm.wiki.260	E07000139
mm.musa.169	E07000139
mm.hha.071	E07000067
mm.domus.YH058	E06000011
mm.domus.NW079	E07000026
mm.wiki.201	E06000019
mm.domus.NW183	E07000125
mm.ace.127	E07000125
mm.ace.1228	E07000167
mm.domus.SW172	E06000052
mm.domus.SE293	E07000227
mm.wiki.363	E07000221
mm.MDN.010	E08000035
mm.misc.127	E07000242
mm.domus.YH116	E08000033
mm.domus.YH117	E08000036
mm.wiki.181	E09000030
mm.domus.SE162	E07000178
mm.domus.SE376	E07000008
mm.domus.SC218	S12000033
mm.domus.WM058	E08000026
mm.domus.WM108	E06000019
mm.domus.WM144	E06000019
mm.aim.0430	W06000023
mm.domus.SC225	S12000036
mm.aim.0431	E07000031
mm.misc.067	S12000010
mm.domus.SE292	E07000106
mm.domus.NW065	E07000031
mm.domus.SW099	E06000022
mm.domus.SE291	E07000242
mm.aim82NM.059	E07000242
mm.misc.117	E07000098
mm.misc.116	E07000103
mm.hha.062	E07000190
mm.ace.1224	E06000001
mm.hha.014	E07000111
mm.musa.171	E06000057
mm.domus.NE062	E06000057
mm.nimc.009	N09000004
mm.mgs.409	S12000036
mm.hha.009	E07000084
mm.hha.045	E07000048
mm.fcm.120	S12000017
mm.domus.SC120	S12000017
mm.domus.SC124	S12000017
mm.mgs.378	S12000015
mm.domus.NW174	E07000031
mm.MDN.015	N09000007
mm.wiki.012	E07000011
mm.domus.EM109	E07000132
mm.domus.NW091	E08000010
mm.domus.SE548	E07000094
mm.mgs.410	S12000026
mm.domus.SC017	S12000006
mm.aim.0443	S12000017
mm.domus.SE311	E07000099
mm.misc.196	E09000028
mm.MDN.018	N09000003
mm.ace.1161	E07000200
mm.ace.1223	E06000044
mm.domus.SE037	E09000018
mm.hha.144	E07000118
mm.domus.SW031	E06000022
mm.wiki.054	E07000031
mm.hha.077	E07000147
mm.aim.0447	E07000225
mm.domus.SE310	E07000071
mm.aim82NM.060	E06000052
mm.domus.YH013	E08000034
mm.domus.SW023	E07000078
mm.domus.SW053	E07000046
mm.domus.WA038	W06000001
mm.domus.YH072	E08000035
mm.wiki.439	W06000003
mm.ace.1192	E09000029
mm.wiki.160	E09000019
mm.wiki.311	E07000177
mm.mgs.411	S12000040
mm.wiki.145	E07000080
mm.domus.SE309	E09000023
mm.domus.YH071	E06000011
mm.domus.SE166	E07000094
mm.domus.YH070	E08000035
mm.domus.SE308	E07000227
mm.wiki.191	E08000001
mm.domus.SC125	S12000041
mm.wiki.496	S12000027
mm.aim.0959	E07000134
mm.hha.078	E07000146
mm.wiki.161	E09000028
mm.domus.SC047	S12000041
mm.wiki.162	E09000007
mm.domus.NW194	
mm.wiki.084	E07000045
mm.aim82M.020	E07000227
mm.musa.175	S12000040
mm.domus.WM145	E06000051
mm.fcm.124	E07000077
mm.domus.SE447	E09000033
mm.domus.NE078	E06000057
mm.domus.SE307	E06000043
mm.aim.1085	E07000088
mm.wiki.304	E07000167
mm.musa.001	E07000061
mm.mald.062	W06000023
mm.aim.0456	E08000015
mm.domus.YH016	E08000034
mm.domus.SC046	S12000017
mm.domus.SE514	E07000007
mm.aim.0459	E06000035
mm.domus.YH137	E06000010
mm.domus.YH133	E06000010
mm.aim82M.021	E06000057
mm.aim.0461	E07000148
mm.mgs.298	S12000029
mm.domus.SC244	S12000046
mm.domus.SC243	S12000046
mm.wiki.194	E07000091
mm.hha.138	E07000030
mm.wiki.129	E07000070
mm.domus.SE035	E07000112
mm.aim82NM.064	E07000143
mm.domus.SE545	E07000204
mm.domus.SE455	E07000226
mm.domus.SE532	E07000115
mm.musa.178	E07000189
mm.domus.SW054	E07000043
mm.aim.0466	E08000032
mm.ace.1140	E06000012
mm.aim.0467	E09000028
mm.ace.1173	E07000012
mm.ace.1174	E08000009
mm.Mus70Cal.016	E09000020
mm.Mus70Cal.018	S12000006
mm.wiki.130	E07000068
mm.domus.YH164	E08000032
mm.domus.SC267	S12000026
mm.domus.SE038	E09000007
mm.mgs.278	S12000034
mm.aim.0470	W06000008
mm.ace.1231	E08000012
mm.MDN.021	N09000008
mm.hha.182	S12000035
mm.mgs.332	S12000035
mm.mgs.341	S12000035
mm.domus.SC106	S12000015
mm.domus.SC149	S12000017
mm.mgs.125	S12000034
mm.mgs.412	S12000035
mm.musa.180	S12000035
mm.aim.0471	S12000035
mm.domus.SE304	E07000202
mm.domus.SE167	E07000202
mm.domus.EM039	E07000156
mm.domus.NI006	N09000007
mm.fcm.130	N09000003
mm.misc.109	E06000020
mm.domus.WM141	E06000051
mm.wiki.298	E07000154
mm.hha.139	E07000026
mm.fcm.131	N09000009
mm.aim.0478	
mm.misc.146	S12000017
mm.wiki.214	E06000046
mm.wiki.215	E06000046
mm.domus.SE315	E06000046
mm.domus.SW111	E06000053
mm.domus.SE316	E09000019
mm.domus.SE039	E09000007
mm.domus.WM106	E07000197
mm.musa.032	S12000041
mm.domus.WM127	E06000020
mm.mgs.334	S12000036
mm.domus.SC004	S12000033
mm.Mus70Cal.006	S12000042
mm.domus.SC006	S12000026
mm.ace.1111	E07000085
mm.wiki.497	S12000027
mm.domus.NE005	E08000023
mm.domus.SC147	S12000026
mm.domus.WM051	E08000030
mm.domus.SE571	
mm.aim82M.029	
mm.domus.SE321	
mm.musa.182	
mm.musa.183	E07000062
mm.aim.0485	E07000083
mm.aim.0486	E09000007
mm.domus.SE040	E09000007
mm.domus.SE332	E09000003
mm.domus.EM064	E06000016
mm.domus.SE061	E06000055
mm.aim.0490	E06000031
mm.domus.SW055	E06000054
mm.wiki.002	E06000032
mm.musa.184	S12000010
mm.domus.SC229	S12000029
mm.fcm.137	E07000148
mm.musa.186	E07000033
mm.wiki.474	S12000036
mm.domus.SE028	E07000005
mm.domus.SW056	E07000083
mm.mgs.304	S12000010
mm.domus.SC302	S12000006
mm.misc.145	S12000038
mm.aim.0448	E06000056
mm.domus.YH029	E06000014
mm.domus.WM070	E08000025
mm.domus.WA039	W06000024
mm.domus.WM147	W06000023
mm.domus.NW040	E07000121
mm.mald.066	W06000002
mm.domus.SE041	E09000007
mm.domus.EM087	E07000032
mm.MDN.026	E07000195
mm.domus.SW039	E07000052
mm.domus.EM040	E07000134
mm.aim.0496	E08000032
mm.wiki.383	E08000032
mm.wiki.388	E07000163
mm.hha.178	S12000021
mm.domus.YH021	E08000019
mm.ace.1293	E07000151
mm.domus.SE423	E09000013
mm.domus.SE161	E07000181
mm.domus.SC146	S12000026
mm.fcm.139	E07000068
mm.domus.SC031	S12000046
mm.musa.188	E09000027
mm.domus.NE083	E08000019
mm.domus.NW023	E07000031
mm.wiki.364	E07000222
mm.wiki.164	E09000033
mm.domus.SW114	E06000054
mm.ace.1150	E09000020
mm.domus.SE320	E07000111
mm.musa.189	E07000112
mm.domus.SE489	E07000110
mm.aim.0503	E07000116
mm.domus.SE451	E07000110
mm.ace.1158	E07000106
mm.domus.SE483	E07000110
mm.hha.082	E07000200
mm.wiki.063	E07000026
mm.domus.NW088	E07000026
mm.domus.SE377	E07000008
mm.ace.1222	E09000027
mm.misc.141	E09000027
mm.Mus70Cal.012	E07000239
mm.domus.WM028	E07000239
mm.domus.WA083	W06000010
mm.domus.SW237	E07000040
mm.ace.1182	E06000047
mm.domus.SC287	S12000035
mm.misc.155	S12000008
mm.domus.SC144	S12000044
mm.wiki.488	S12000021
mm.domus.NW127	E06000050
mm.aim.0512	E06000052
mm.aim.0513	E07000093
mm.domus.SW187	E07000188
mm.misc.035	E07000168
mm.wiki.286	E07000146
mm.domus.WA044	W06000006
mm.domus.NW049	E07000121
mm.domus.NE039	E06000057
mm.domus.YH068	E08000017
mm.domus.SW027	E07000044
mm.wiki.210	E07000240
mm.hha.019	E07000180
mm.domus.SW214	E07000049
mm.domus.SE042	E09000021
mm.aim.0516	E06000025
mm.domus.WM071	E06000019
mm.domus.SC086	S12000014
mm.ace.1147	E07000164
mm.domus.SC082	S12000023
mm.aim.0518	E09000028
mm.aim82NM.065	S12000015
mm.domus.SC050	S12000015
mm.domus.NE038	E06000003
mm.ace.1257	E08000035
mm.mgs.279	S12000041
mm.domus.YH132	E07000165
mm.hha.076	E07000243
mm.domus.SW238	E07000042
mm.domus.SE533	E07000111
mm.aim.0521	E06000049
mm.aim82M.022	E09000015
mm.domus.SE322	S12000006
mm.misc.054	
mm.domus.WM143	E08000027
mm.aim82NM.072	E06000018
mm.domus.SW215	E06000054
mm.domus.NW102	E08000027
mm.domus.NE037	E06000057
mm.misc.049	S12000020
mm.domus.SC156	S12000017
mm.domus.NE026	E08000021
mm.domus.SC256	S12000015
mm.aim.0527	E07000031
mm.domus.SE529	E07000064
mm.wiki.328	E06000024
mm.mgs.413	S12000010
mm.wiki.436	W06000008
mm.hha.097	E07000151
mm.domus.SC151	S12000029
mm.misc.103	E08000009
mm.domus.NW081	E07000123
mm.domus.NW137	E08000006
mm.aim.1247	E07000126
mm.musa.191	E07000121
mm.Mus70Cal.013	E07000121
mm.domus.NW046	E07000121
mm.ace.135	E07000121
mm.aim.0528	E06000051
mm.misc.152	S12000017
mm.aim.1101	E09000027
mm.domus.SW046	E07000051
mm.aim.0530	E07000033
mm.domus.SW201	E06000052
mm.domus.SE318	E07000205
mm.aim82NM.066	E06000052
mm.domus.WM081	E08000025
mm.domus.SC155	S12000021
mm.domus.NI036	N09000008
mm.aim.0531	E07000110
mm.mald.068	W06000009
mm.wiki.385	E08000034
mm.aim82NM.084	E06000052
mm.wiki.036	E06000052
mm.fcm.144	E07000031
mm.domus.SC140	S12000036
mm.misc.118	E07000200
mm.domus.SW058	E06000052
mm.domus.NW158	
mm.domus.SE317	E07000203
mm.hha.073	E07000071
mm.aim.0533	E06000052
mm.domus.WM005	E07000222
mm.domus.SE323	E07000210
mm.wiki.202	E06000019
mm.fcm.145	
mm.aim.0535	E07000110
mm.domus.YH008	E08000035
mm.domus.YH003	E08000035
mm.domus.YH006	E08000035
mm.Mus70Cal.014	E06000016
mm.misc.104	E06000016
mm.musa.195	E06000033
mm.domus.SE482	E06000056
mm.hha.145	E07000121
mm.domus.SE043	E09000020
mm.musa.196	S12000034
mm.hha.160	S12000010
mm.domus.WM097	E06000019
mm.domus.SE324	E07000099
mm.domus.WM117	E07000194
mm.musa.197	E06000052
mm.hha.140	E07000031
mm.domus.SE417	E07000063
mm.domus.NW122	E06000008
mm.ace.1101	E09000007
mm.ace.390	E07000194
mm.mgs.356	S12000026
mm.wiki.069	E07000035
mm.domus.SE327	E07000094
mm.domus.SC157	S12000045
mm.musa.201	E06000046
mm.nimc.037	N09000004
mm.domus.NI037	N09000004
mm.wiki.261	E07000138
mm.aim.0545	E07000137
mm.ace.1132	E07000139
mm.wiki.262	E07000137
mm.domus.NE071	E06000057
mm.domus.NE081	E06000057
mm.MDN.011	N09000003
mm.domus.SC158	S12000040
mm.domus.NW167	E06000050
mm.domus.SW244	E06000052
mm.hha.193	N09000009
mm.wiki.292	E07000143
mm.wiki.070	E06000015
mm.domus.SW216	E06000054
mm.domus.SE328	E07000200
mm.ace.1191	E09000029
mm.hha.116	E07000235
mm.ace.1093	E06000049
mm.misc.061	W06000010
mm.wiki.460	S12000034
mm.wiki.196	E07000088
mm.domus.SE326	E07000224
mm.domus.NW134	E08000012
mm.domus.NW135	E08000014
mm.domus.SE044	E09000028
mm.wiki.037	E06000052
mm.mald.069	W06000018
mm.mald.071	W06000008
mm.domus.WA072	W06000003
mm.aim.0555	W06000010
mm.mald.072	W06000004
mm.aim.0556	W06000004
mm.domus.WA019	W06000023
mm.aim.0557	W06000003
mm.domus.WA046	W06000020
mm.domus.WA009	W06000002
mm.domus.WA048	W06000002
mm.mald.081	W06000001
mm.mald.079	W06000002
mm.mald.080	W06000008
mm.misc.153	S12000008
mm.aim82NM.068	S12000015
mm.domus.SC161	S12000038
mm.domus.WM072	E08000030
mm.ace.1195	E06000047
mm.domus.SW243	E07000079
mm.domus.SE009	E09000006
mm.domus.SE488	E07000207
mm.domus.SE031	E09000019
mm.fcm.148	E09000033
mm.aim.0559	E09000028
mm.wiki.182	E09000014
mm.wiki.183	E09000022
mm.misc.140	E09000001
mm.aim.0560	E09000017
mm.musa.204	E09000009
mm.musa.205	E09000033
mm.fcm.149	E09000032
mm.aim82M.056	E09000033
mm.domus.SE033	E09000033
mm.wiki.297	E07000151
mm.misc.119	E07000200
mm.domus.SE331	E07000205
mm.musa.208	E07000173
mm.hha.065	E06000054
mm.fcm.150	E06000046
mm.hha.020	E07000209
mm.wiki.486	S12000020
mm.domus.SW163	E06000052
mm.domus.YH009	E08000035
mm.fcm.151	S12000006
mm.ace.1107	E07000130
mm.aim82NM.061	E07000145
mm.domus.EM041	E07000137
mm.domus.SC257	S12000029
mm.misc.170	E06000050
mm.domus.SE576	E07000206
mm.domus.SE424	E07000206
mm.wiki.347	E07000206
mm.domus.SE340	E07000095
mm.domus.WM036	E06000051
mm.wiki.226	E07000111
mm.musa.209	E07000111
mm.hha.046	E07000051
mm.domus.WM059	E07000222
mm.fcm.154	N09000002
mm.aim82NM.126	E06000056
mm.aim.0565	E07000131
mm.wiki.038	E06000052
mm.aim.1159	E07000076
mm.musa.210	E07000112
mm.aim.0566	E07000145
mm.domus.SW071	E06000030
mm.domus.NW170	E06000049
mm.domus.SW059	E07000052
mm.aim.0568	E06000007
mm.domus.SW159	E07000043
mm.domus.SE111	E07000146
mm.domus.SW217	E07000189
mm.domus.NW181	E07000119
mm.aim.0570	E07000119
mm.aim82NM.071	E07000119
mm.domus.NW132	E07000119
mm.wiki.071	E07000035
mm.mgs.382	S12000017
mm.domus.SC153	S12000028
mm.wiki.133	E07000074
mm.aim82NM.082	W06000010
mm.musa.212	E07000137
mm.domus.SE510	E09000007
mm.misc.065	E06000052
mm.ace.1215	E06000040
mm.domus.SE333	E07000110
mm.aim.1352	E07000113
mm.musa.214	E07000074
mm.domus.SE012	E07000074
mm.domus.SC159	S12000017
mm.domus.YH125	E07000167
mm.domus.WM079	E07000235
mm.domus.NW008	E08000003
mm.domus.NW071	E08000003
mm.aim.0578	E08000003
mm.ace.1169	E08000003
mm.domus.NW061	E08000003
mm.aim.0579	E08000009
mm.hha.155	S12000026
mm.musa.215	E07000074
mm.aim.1197	E07000223
mm.musa.216	E07000086
mm.domus.YH039	E08000032
mm.domus.SE446	E07000204
mm.domus.EM058	E07000153
mm.domus.EM042	E07000174
mm.aim.0581	E07000116
mm.fcm.158	
mm.domus.NW155	
mm.wiki.312	E07000179
mm.musa.217	E06000019
mm.hha.047	E07000052
mm.domus.YH165	E08000019
mm.domus.SW183	E06000052
mm.domus.SE472	E09000027
mm.domus.SE335	E07000010
mm.mald.082	W06000012
mm.wiki.227	E07000114
mm.domus.NE036	E06000003
mm.domus.SC215	S12000033
mm.domus.SW008	E06000023
mm.aim.0583	E07000091
mm.domus.SE107	E07000145
mm.domus.NW050	E07000121
mm.domus.SE149	E07000073
mm.hha.122	E07000165
mm.domus.SW239	E07000040
mm.wiki.320	E06000051
mm.domus.SW060	E06000054
mm.domus.SE338	E09000014
mm.domus.SE425	E07000223
mm.aim.0588	E07000007
mm.wiki.102	E06000010
mm.fcm.160	E07000146
mm.aim82M.053	E07000145
mm.wiki.348	E07000205
mm.aim.0589	E07000220
mm.domus.WM031	E07000221
mm.aim.1354	E06000052
mm.domus.SC148	S12000026
mm.domus.NW080	E07000026
mm.aim.0593	E07000198
mm.mgs.294	S12000034
mm.musa.219	E08000016
mm.wiki.270	E07000137
mm.aim82M.024	S12000006
mm.aim.0596	E09000033
mm.domus.SC053	S12000015
mm.domus.SC154	S12000028
mm.domus.SC162	S12000018
mm.aim82M.031	E07000242
mm.domus.EM108	E07000134
mm.wiki.114	E06000043
mm.musa.220	E07000079
mm.musa.222	E07000209
mm.aim82NM.079	E06000035
mm.wiki.491	S12000024
mm.hha.087	E07000039
mm.domus.SE546	E07000200
mm.hha.156	S12000026
mm.aim82NM.081	S12000026
mm.domus.EM070	E07000133
mm.aim.0599	W06000001
mm.aim.0600	E08000036
mm.hha.147	E08000014
mm.musa.223	E07000109
mm.domus.YH131	E07000165
mm.aim82NM.073	E07000120
mm.domus.YH074	E06000014
mm.domus.SW025	E06000026
mm.domus.SW061	E06000054
mm.domus.SE069	E07000071
mm.aim.0603	E08000014
mm.domus.NW103	E08000012
mm.musa.224	E07000116
mm.musa.225	E07000210
mm.aim.0604	E07000139
mm.domus.SC288	S12000015
mm.domus.SE575	E09000033
mm.wiki.039	E06000052
mm.musa.227	S12000024
mm.domus.SE426	E07000065
mm.musa.228	E06000014
mm.musa.229	E07000094
mm.ace.1249	E07000203
mm.wiki.285	E07000143
mm.aim.0606	E06000021
mm.domus.NE015	E06000002
mm.ace.203	E06000002
mm.ace.1146	E08000035
mm.musa.230	E07000035
mm.domus.WM052	E07000222
mm.aim82M.025	E06000051
mm.domus.EM052	E07000032
mm.domus.SE056	E07000201
mm.domus.SE600	E07000084
mm.domus.WA049	W06000009
mm.nimc.017	N09000002
mm.aim82M.027	E07000063
mm.domus.SE306	E06000056
mm.aim.1001	E07000146
mm.aim.0619	S12000040
mm.domus.NE044	E08000021
mm.wiki.404	E07000239
mm.domus.SE034	E07000241
mm.aim.0616	E07000197
mm.domus.EM054	E07000175
mm.domus.NW160	E07000029
mm.domus.SC235	S12000042
mm.wiki.220	E07000109
mm.domus.SE036	E06000042
mm.misc.169	E07000180
mm.domus.WA045	W06000006
mm.wiki.449	W06000023
mm.wiki.134	E07000071
mm.musa.235	E07000113
mm.aim82NM.075	E06000021
mm.hha.141	E07000026
mm.domus.SC012	S12000029
mm.aim82M.050	E09000033
mm.domus.SC285	S12000036
mm.domus.SC310	S12000036
mm.wiki.428	W06000001
mm.domus.SC163	S12000006
mm.hha.067	E06000056
mm.ace.1236	E07000134
mm.mald.086	W06000005
mm.domus.SW218	E06000054
mm.wiki.412	N09000002
mm.domus.SE530	E07000063
mm.aim82NM.076	E08000006
mm.domus.NE027	E08000024
mm.domus.WA027	W06000021
mm.domus.WA004	W06000021
mm.domus.SE128	
mm.domus.SW219	E07000189
mm.fcm.161	E07000189
mm.domus.SC164	S12000041
mm.domus.SC018	S12000041
mm.hha.174	S12000024
mm.wiki.342	E06000021
mm.domus.YH090	E08000035
mm.fcm.162	S12000020
mm.misc.020	E07000045
mm.mgs.360	S12000036
domus.NE043	E06000057
mm.musa.240	E07000181
mm.wiki.085	E07000043
mm.domus.SW068	E07000047
mm.wiki.040	E06000052
mm.domus.WM137	E07000196
mm.mgs.337	S12000039
mm.domus.SE549	E07000093
mm.misc.019	E06000050
mm.mgs.386	S12000024
mm.domus.SW150	E06000052
mm.nimc.006	N09000011
mm.hha.183	S12000035
mm.musa.241	E07000207
mm.musa.242	E07000077
mm.MDN.031	E07000195
mm.domus.SE427	E07000204
mm.aim.0628	E06000057
mm.wiki.035	E06000052
mm.domus.EM092	E07000171
mm.fcm.163	E07000032
mm.domus.EM107	E07000139
mm.ace.1256	E06000023
mm.domus.SE011	E07000242
mm.domus.WM035	E06000051
mm.domus.SC261	S12000035
mm.wiki.413	N09000010
mm.hha.142	E07000029
mm.ace.1105	E07000147
mm.aim.0791	E06000052
mm.aim82M.028	
mm.domus.SC166	S12000036
mm.wiki.009	E06000023
mm.nimc.038	N09000001
mm.domus.SC167	S12000013
mm.domus.SC251	S12000013
mm.domus.SW134	E07000082
mm.domus.SC253	S12000013
mm.domus.SC252	S12000013
mm.domus.SC313	S12000024
mm.aim82NM.119	E07000063
mm.wiki.025	E06000050
mm.misc.056	E06000040
mm.domus.NE058	E08000021
mm.domus.SE378	E07000008
mm.domus.SW205	E07000093
mm.domus.SE003	E07000093
mm.ace.1292	E09000027
mm.domus.YH163	E06000011
mm.domus.SW075	E07000043
mm.domus.SW162	E06000022
mm.domus.SW096	E06000022
mm.aim.0220	E06000022
mm.aim.1119	E06000041
mm.aim82NM.077	E06000022
mm.aim.0639	E09000020
mm.aim.0641	E07000043
mm.domus.SE226	E07000008
mm.domus.WM056	E07000192
mm.aim.0172	E07000239
mm.aim82NM.083	W06000001
mm.domus.SC139	S12000036
mm.aim82NM.078	E07000193
mm.wiki.455	W06000001
mm.domus.SE384	E09000007
mm.domus.SE382	E07000008
mm.domus.SC317	S12000015
mm.ace.1248	E06000030
mm.aim82NM.080	E06000052
mm.domus.EM020	E06000018
mm.domus.SW048	E07000047
mm.domus.NW149	E08000012
mm.domus.SW245	E06000029
mm.domus.SE059	E09000003
mm.domus.SE002	E07000203
mm.domus.SW175	E06000022
mm.domus.SC135	S12000036
mm.ace.569	E06000038
mm.domus.EM100	E07000140
mm.domus.SE466	E06000040
mm.musa.243	S12000034
mm.domus.SE272	E07000216
mm.domus.SC231	S12000036
mm.aim82NM.102	E07000225
mm.domus.SW065	E07000081
mm.domus.NE080	E06000001
mm.domus.SE580	E06000046
mm.domus.SC250	S12000035
mm.domus.SE185	E06000046
mm.aim.0651	E07000202
mm.domus.NW024	E07000031
mm.domus.NW035	E07000123
mm.domus.SC168	S12000006
mm.domus.EM028	E07000138
mm.ace.1274	E08000012
mm.domus.NW105	E08000012
mm.domus.NW076	E07000117
mm.domus.WM012	E07000237
mm.domus.SE048	E09000001
mm.ace.1180	E09000030
mm.fcm.172	E07000147
mm.domus.SE604	E07000209
mm.domus.WA084	W06000023
mm.wiki.091	E07000040
mm.domus.YH075	E07000163
mm.domus.SE102	E07000148
mm.domus.EM019	E06000018
mm.MDN.013	N09000003
mm.MDN.014	N09000002
mm.domus.SE180	E07000178
mm.mgs.400	S12000046
mm.ace.1244	E06000007
mm.ace.1151	E07000074
mm.aim.0658	E07000142
mm.domus.YH110	E08000032
mm.domus.SE050	E09000027
mm.domus.WM073	E07000237
mm.domus.NW070	E08000003
mm.mgs.307	S12000034
mm.aim82M.030	S12000024
mm.domus.SE484	E09000033
mm.domus.SW122	E07000190
mm.domus.SW077	E07000189
mm.mald.089	W06000010
mm.domus.SE365	E07000240
mm.aim82M.065	E07000242
mm.misc.040	E07000229
mm.ace.1216	E07000140
mm.wiki.505	E07000205
mm.domus.SE596	E07000147
mm.domus.SC265	S12000021
mm.misc.110	E06000020
mm.domus.SE394	E07000178
mm.aim.0663	W06000009
mm.aim.0664	E07000171
mm.domus.SE218	E07000093
mm.domus.SC169	S12000017
mm.domus.WM094	E08000025
mm.domus.NW041	E07000125
mm.domus.NW005	E08000008
mm.ace.266	E07000172
mm.domus.SE070	E09000022
mm.domus.EM007	E07000154
mm.domus.SE049	E09000019
mm.ace.019	E06000020
mm.domus.NI007	N09000008
mm.domus.SE083	E09000030
mm.ace.1265	E09000033
mm.domus.NW055	E06000007
mm.domus.WM089	E07000197
mm.mgs.315	S12000015
mm.ace.1221	E06000011
mm.domus.NW114	E08000003
mm.fcm.179	E07000168
mm.domus.NW093	E08000010
mm.domus.SW067	E06000054
mm.ace.036	E09000024
mm.aim.0671	E06000052
mm.mgs.408	S12000036
mm.wiki.119	E07000061
mm.wiki.471	S12000010
mm.musa.246	S12000010
mm.mgs.353	S12000024
mm.musa.247	S12000010
mm.domus.SC297	S12000017
mm.domus.SC170	S12000017
mm.wiki.440	W06000004
mm.domus.WA079	W06000016
mm.domus.NW028	E06000049
mm.domus.WA069	W06000009
mm.domus.WA050	W06000002
mm.aim82M.033	E07000151
mm.domus.SE573	E09000020
mm.aim.0677	E06000042
mm.wiki.340	E08000019
mm.aim.0678	E07000175
mm.domus.YH097	E08000036
mm.aim82NM.103	E06000011
mm.mald.095	W06000010
mm.domus.YH147	E08000019
mm.aim.0679	W06000023
mm.aim82NM.104	E07000091
mm.misc.055	E07000152
mm.aim.0337	E08000019
mm.misc.069	E07000235
mm.domus.NW182	E08000003
mm.domus.SE583	E09000033
mm.domus.SC283	S12000036
mm.wiki.249	E06000016
mm.domus.SE341	E07000201
mm.domus.EM078	E06000018
mm.aim82NM.085	E06000023
mm.domus.SE088	E09000011
mm.ace.1168	E06000052
mm.domus.SC189	S12000019
mm.aim82M.034	E07000171
mm.domus.SE081	E07000091
mm.fcm.186	E08000029
mm.domus.WA085	W06000015
mm.domus.SC280	S12000010
mm.wiki.051	E06000052
mm.domus.SC281	S12000036
mm.domus.SC277	S12000036
mm.misc.092	E06000001
mm.domus.SE351	E06000044
mm.domus.SE444	E09000033
mm.domus.YH145	E06000014
mm.domus.WA086	W06000022
mm.domus.YH146	E08000032
mm.aim.0691	E06000015
mm.domus.WA091	W06000002
mm.musa.252	E06000016
mm.aim.0692	E07000035
mm.domus.EM076	E07000032
mm.domus.EM010	E07000035
mm.domus.SC279	S12000036
mm.domus.WA035	W06000011
mm.domus.NW060	E06000050
mm.domus.WA090	W06000010
mm.domus.SC295	S12000036
mm.domus.SE566	E09000020
mm.ace.1127	E07000096
mm.domus.SE080	E07000071
mm.domus.SW155	E07000083
mm.MDN.019	N09000003
mm.domus.NW184	
mm.musa.253	N09000002
mm.wiki.135	E07000072
mm.domus.WA051	W06000012
mm.musa.254	E06000046
mm.musa.255	S12000036
mm.mgs.418	S12000020
mm.domus.SE491	E07000011
mm.domus.SC276	S12000013
mm.hha.006	E07000004
mm.ace.1126	E07000091
mm.mald.053	W06000006
mm.musa.257	E07000112
mm.misc.121	E07000008
mm.musa.258	S12000029
mm.domus.EM101	E07000037
mm.domus.WM032	E07000221
mm.wiki.437	W06000008
mm.domus.EM067	E06000016
mm.domus.EM043	E07000175
mm.domus.EM053	E07000175
mm.domus.EM103	E07000175
mm.domus.EM063	E06000016
mm.fcm.189	E06000057
mm.musa.259	E08000021
mm.hha.123	E07000165
mm.musa.260	E08000021
mm.misc.078	E07000080
mm.domus.NE014	E06000002
mm.aim.0699	E07000063
mm.domus.SC319	S12000036
mm.domus.SE481	E07000063
mm.hha.066	E06000054
mm.hha.161	S12000036
mm.wiki.041	E06000052
mm.fcm.058	E08000025
mm.domus.WA053	W06000022
mm.musa.263	E06000042
mm.domus.SE197	E06000046
mm.misc.166	E09000022
mm.wiki.042	E06000052
mm.domus.NI027	N09000010
mm.domus.EM022	E07000170
mm.domus.SW080	E07000045
mm.domus.SE551	E06000046
mm.domus.WA073	W06000023
mm.wiki.343	E07000198
mm.domus.YH076	E07000165
mm.domus.SW082	E06000022
mm.aim.0314	E09000013
mm.aim82NM.106	E06000052
mm.musa.264	
mm.domus.SE593	E07000206
mm.fcm.190	E07000147
mm.fcm.175	E07000147
mm.fcm.191	E07000149
mm.wiki.293	E07000147
mm.wiki.303	E06000057
mm.domus.YH079	E06000013
mm.wiki.316	E06000017
mm.domus.SE155	E07000011
mm.domus.NW161	E08000013
mm.domus.SC264	S12000021
mm.domus.SC110	S12000010
mm.domus.SC172	S12000015
mm.wiki.043	E06000052
mm.domus.SW081	E07000046
mm.domus.NI008	N09000011
mm.domus.NE045	E08000037
mm.domus.NE042	E08000024
mm.MDN.006	E06000011
mm.wiki.263	E07000139
mm.domus.SC314	S12000044
mm.musa.265	E07000171
mm.domus.YH077	E06000013
mm.domus.SE485	E06000035
mm.ace.1121	E07000072
mm.domus.SE263	E09000025
mm.domus.YH080	E07000167
mm.musa.266	E07000151
mm.domus.EM084	E07000154
mm.domus.EM008	E07000154
mm.nimc.018	N09000003
mm.wiki.414	N09000002
mm.domus.SC061	S12000017
mm.domus.NE046	E08000021
mm.hha.124	E07000165
mm.ace.022	E06000006
mm.aim82NM.087	E07000064
mm.domus.SE101	E07000148
mm.domus.YH157	E08000036
mm.domus.SW189	E07000053
mm.domus.EM016	E06000018
mm.domus.EM017	E06000018
mm.ace.1273	E07000179
mm.wiki.362	E07000219
mm.domus.WM080	E07000219
mm.domus.YH158	E07000167
mm.wiki.217	E06000046
mm.MDN.032	E07000198
mm.domus.SE556	E07000228
mm.domus.WM112	E08000028
mm.domus.EM071	E06000017
mm.aim.0713	E06000024
mm.aim82M.035	E07000187
mm.domus.SE555	E07000216
mm.domus.YH014	E08000034
mm.domus.SC262	S12000035
mm.mgs.320	S12000035
mm.domus.SE122	E07000010
mm.domus.WA054	W06000023
mm.domus.SC057	S12000006
mm.musa.271	E06000035
mm.aim.0714	S12000006
mm.musa.272	S12000035
mm.misc.156	E07000124
mm.musa.273	E07000052
mm.aim82NM.088	E07000181
mm.domus.SC249	S12000026
mm.domus.SE469	E07000004
mm.domus.SW083	E06000052
mm.domus.SC174	S12000027
mm.aim82M.069	E06000052
mm.domus.SE494	E07000145
mm.domus.SE054	E09000028
mm.wiki.115	E06000043
mm.domus.SW202	E06000052
mm.ace.1108	E07000130
mm.mgs.352	S12000034
mm.domus.SE029	E09000015
mm.domus.SE147	E07000108
mm.misc.086	E08000004
mm.domus.SC241	S12000020
mm.misc.176	E06000027
mm.musa.274	E07000009
mm.domus.NE069	E06000047
mm.domus.NW138	E08000006
mm.domus.SE595	E07000205
mm.musa.276	W06000023
mm.aim.0720	W06000002
mm.mald.110	W06000009
mm.domus.WA055	W06000001
mm.mgs.329	S12000023
mm.domus.SC080	S12000023
mm.domus.SC175	S12000023
mm.domus.SE146	E09000027
mm.domus.NE082	E06000003
mm.domus.SE475	E06000046
mm.domus.SE522	E09000018
mm.aim.0723	W06000006
mm.aim.0724	E07000111
mm.domus.YH124	E08000035
mm.ace.1270	E07000225
mm.domus.EM079	E07000152
mm.domus.SW240	E07000044
mm.domus.SE534	E07000109
mm.domus.SE544	E07000143
mm.domus.SE503	E07000181
mm.domus.SE392	E07000178
mm.musa.277	E07000178
mm.domus.SE179	E07000181
mm.aim82NM.117	E07000204
mm.domus.WM134	E07000222
mm.domus.SW165	E06000052
mm.domus.SC160	S12000038
mm.mgs.376	S12000038
mm.domus.SC141	S12000044
mm.domus.SC142	S12000044
mm.domus.SE143	E07000225
mm.fcm.197	
mm.aim.1155	E08000003
mm.ace.1276	E07000168
mm.hha.101	E07000173
mm.domus.EM011	E07000173
mm.domus.NW084	E06000049
mm.domus.WA074	W06000002
mm.mald.111	W06000010
mm.hha.026	E07000227
mm.aim82NM.100	E07000228
mm.aim82NM.094	E07000050
mm.wiki.322	E06000051
mm.wiki.149	E07000079
mm.misc.085	E09000025
mm.domus.SC176	S12000026
mm.domus.SE542	E07000067
mm.domus.YH152	E08000032
mm.domus.EM051	E07000035
mm.musa.278	E07000035
mm.wiki.337	E07000187
mm.domus.SE540	E07000010
mm.misc.138	W06000009
mm.aim.0738	W06000009
mm.wiki.447	W06000009
mm.hha.030	E06000052
mm.domus.SW182	E06000052
mm.domus.NW129	E07000122
mm.domus.SE142	E07000179
mm.misc.171	E06000052
mm.domus.SW084	E06000052
mm.aim.0742	W06000003
mm.aim82NM.090	E08000033
mm.aim82M.058	E08000025
mm.domus.WA025	W06000009
mm.domus.WA077	W06000002
mm.domus.NW062	E07000030
mm.aim82NM.092	E07000030
mm.ace.1266	E06000052
mm.domus.NW113	E08000003
mm.domus.SC129	S12000046
mm.hha.134	E06000049
mm.domus.SE387	E09000007
mm.musa.280	E07000131
mm.domus.SW085	E06000052
mm.musa.281	E07000189
mm.wiki.405	E07000238
mm.domus.SC014	S12000024
mm.domus.SC237	E07000193
mm.fcm.202	E07000147
mm.wiki.136	E07000070
mm.domus.NW072	E07000121
mm.domus.SE131	E06000031
mm.wiki.499	S12000034
mm.domus.SE572	E07000085
mm.domus.SE386	E09000007
mm.musa.282	E07000225
mm.domus.SE557	E07000225
mm.wiki.116	E07000065
mm.domus.SW196	E06000054
mm.domus.SW220	E06000054
mm.domus.EM036	E06000015
mm.wiki.461	S12000041
mm.hha.191	W06000009
mm.domus.EM099	E07000155
mm.domus.SC228	S12000023
mm.aim.0750	E07000140
mm.domus.SE287	E07000004
mm.domus.SE393	E07000178
mm.domus.SC105	S12000015
mm.domus.SW022	E07000078
mm.domus.SE129	E09000009
mm.musa.283	E07000063
mm.mald.116	W06000002
mm.domus.WA093	W06000001
mm.domus.WA056	W06000004
mm.domus.WA095	W06000002
mm.domus.NW009	E08000003
mm.domus.SW024	E06000026
mm.musa.285	N09000001
mm.aim.0753	E06000052
mm.domus.SE547	E07000210
mm.musa.268	N09000003
mm.domus.SE584	E09000033
mm.aim.0754	E09000007
mm.domus.SC134	S12000046
mm.fcm.204	E06000052
mm.domus.YH119	E08000036
mm.domus.YH123	E08000036
mm.domus.WA047	W06000020
mm.domus.WA057	W06000016
mm.domus.SW100	E06000029
mm.misc.052	E07000011
mm.hha.031	E06000052
mm.ace.1220	E08000015
mm.domus.SE498	E07000087
mm.domus.WA041	W06000013
mm.domus.WA076	W06000002
mm.domus.NW004	E08000008
mm.musa.286	E07000053
mm.domus.SW166	E07000053
mm.domus.SE241	E06000044
mm.domus.SE140	E06000044
mm.domus.SE231	E06000044
mm.mgs.321	S12000034
mm.domus.SE053	E09000001
mm.domus.WM060	E06000021
mm.ace.1137	E07000098
mm.hha.038	E07000045
mm.domus.SE090	E07000114
mm.mald.124	W06000023
mm.domus.WA020	W06000023
mm.fcm.207	E09000023
mm.domus.NW096	E08000011
mm.aim.1006	E07000083
mm.domus.SE212	E06000043
mm.domus.NE008	E06000004
mm.domus.SC274	S12000010
mm.ace.1277	E07000009
mm.hha.032	E06000052
mm.domus.SE139	E07000228
mm.domus.SE441	E07000108
mm.ace.1179	E08000026
mm.domus.SE247	E06000033
mm.domus.SC127	E07000106
mm.domus.SC005	S12000033
mm.aim.0598	E06000035
mm.Mus70Cal.005	E06000052
mm.Mus70Cal.022	E07000114
mm.Mus70Cal.019	E09000001
mm.domus.NW164	E08000003
mm.misc.111	E07000051
mm.wiki.137	E06000034
mm.domus.SW087	E06000054
mm.domus.NW187	E07000031
mm.domus.NW027	E06000049
mm.domus.WA075	W06000002
mm.domus.SE535	E07000111
mm.domus.SE133	E07000209
mm.Mus70Cal.003	E07000204
mm.wiki.168	E09000027
mm.misc.081	E09000032
mm.domus.NW162	E07000117
mm.domus.WM040	E07000222
mm.domus.SE470	E07000110
mm.domus.YH150	E06000014
mm.domus.NW013	E08000003
mm.domus.SE458	E07000061
mm.domus.SE091	E07000209
mm.wiki.229	E07000113
mm.domus.SC137	S12000036
mm.mgs.396	S12000027
mm.aim.0774	E06000014
mm.misc.087	E06000045
mm.mgs.336	S12000017
mm.hha.148	E06000047
mm.domus.WA021	W06000023
mm.domus.SW177	E06000022
mm.aim.0778	E06000007
mm.wiki.265	E07000139
mm.aim.0779	E07000029
mm.wiki.266	E07000142
mm.wiki.003	E06000056
mm.aim.0781	E06000042
mm.wiki.267	E07000139
mm.wiki.268	E07000142
mm.domus.SE057	E09000030
mm.wiki.384	E08000032
mm.domus.NW153	E07000029
mm.domus.SW074	E06000030
mm.aim.0784	E06000019
mm.domus.SE428	E06000031
mm.aim.0786	E08000013
mm.misc.043	E07000030
mm.hha.179	S12000006
mm.domus.SE092	E07000011
mm.domus.SE261	E07000114
mm.misc.030	E07000114
mm.domus.SE078	E07000114
mm.aim.0788	E07000114
mm.domus.SE474	E09000011
mm.aim.0790	E07000075
mm.ace.1212	E07000075
mm.domus.SE094	E06000038
mm.wiki.372	E08000027
mm.domus.YH015	E08000034
mm.domus.SW195	E07000048
mm.domus.SW010	E06000023
mm.wiki.209	E07000240
mm.domus.SE564	E09000026
mm.ace.1243	E07000193
mm.ace.1260	E07000061
mm.ace.1284	E06000052
mm.aim82M.055	E06000052
mm.domus.WA059	W06000015
mm.domus.SC259	S12000029
mm.domus.SC177	S12000036
mm.wiki.358	E07000211
mm.aim82NM.107	E07000062
mm.mgs.289	S12000038
mm.aim.0795	E07000038
mm.aim82NM.097	E07000039
mm.misc.122	E07000147
mm.hha.015	E06000035
mm.domus.EM080	E07000034
mm.aim.0797	W06000023
mm.domus.SE100	E07000242
mm.domus.WA062	W06000016
mm.domus.WA014	W06000004
mm.mald.130	W06000004
mm.domus.NW141	E07000123
mm.domus.NW045	E07000124
mm.domus.NW152	E07000124
mm.wiki.306	E06000014
mm.domus.SW072	E06000030
mm.domus.YH171	E07000166
mm.domus.YH089	E07000166
mm.wiki.138	E07000067
mm.aim.0803	E06000055
mm.domus.YH170	E07000167
mm.domus.YH159	E07000167
mm.wiki.200	E07000091
mm.hha.125	E07000165
mm.domus.YH088	E07000165
mm.mald.132	W06000018
mm.domus.SE486	E07000179
mm.domus.SC130	S12000046
mm.domus.SE097	E06000038
mm.musa.199	E07000061
mm.ace.1264	E06000057
mm.ace.1209	E07000147
mm.mgs.286	S12000028
mm.domus.SC056	S12000006
mm.domus.WA061	W06000023
mm.MDN.023	E07000218
mm.domus.YH087	E07000168
mm.domus.NW131	E08000005
mm.domus.SE219	E07000091
mm.aim.0811	E07000150
mm.domus.EM045	E06000017
mm.fcm.214	N09000003
mm.hha.135	E06000049
mm.hha.055	E07000079
mm.hha.149	E06000047
mm.ace.1166	E07000234
mm.musa.289	E06000057
mm.domus.SW049	E06000022
mm.wiki.004	E06000056
mm.musa.290	E07000112
mm.mgs.375	S12000035
mm.domus.YH056	E08000018
mm.misc.071	E06000028
mm.aim.0812	E07000153
mm.domus.YH084	E07000168
mm.wiki.350	E07000204
mm.musa.291	E07000008
mm.domus.SE141	E06000044
mm.domus.SE495	E07000145
mm.domus.WM021	E06000051
mm.ace.1131	E09000033
mm.ace.1135	E09000033
mm.domus.SE590	E07000147
mm.domus.WM038	E06000051
mm.domus.SE511	E09000003
mm.domus.SW088	E07000041
mm.domus.SE064	E07000012
mm.domus.SE095	E07000094
mm.domus.SE093	E09000030
mm.domus.YH149	E08000035
mm.domus.SE123	E07000092
mm.domus.SE119	E07000209
mm.domus.SE434	E07000094
mm.domus.SE098	E07000092
mm.misc.135	E06000038
mm.domus.WM090	E08000025
mm.aim82M.038	E08000027
mm.musa.292	W06000003
mm.domus.SE568	E09000033
mm.aim.0817	E09000033
mm.mgs.323	S12000046
mm.aim.0818	E09000007
mm.domus.SW132	E06000052
mm.ace.1152	E06000015
mm.domus.YH002	E06000014
mm.domus.SE157	E06000054
mm.domus.SE158	E06000035
mm.domus.SE164	E07000094
mm.aim.1180	E07000072
mm.domus.SE165	E07000094
mm.domus.SC180	S12000046
mm.aim.1182	E09000020
mm.domus.NI011	N09000002
mm.domus.EM068	E06000016
mm.domus.EM077	E07000138
mm.domus.SE150	E07000214
mm.domus.SE363	E09000030
mm.domus.SE453	E06000044
mm.musa.293	E06000036
mm.domus.SE362	E07000094
mm.musa.294	E07000206
mm.domus.SE350	E07000088
mm.domus.SE103	E07000148
mm.ace.1245	E08000003
mm.domus.SE213	E06000043
mm.domus.SW192	E06000022
mm.domus.YH130	E07000165
mm.domus.WM098	E07000222
mm.domus.SC183	S12000036
mm.domus.SC184	S12000036
mm.domus.WM077	E07000221
mm.domus.SW130	E07000050
mm.domus.SE457	E07000061
mm.nimc.025	N09000003
mm.misc.089	E09000033
mm.domus.WA082	W06000002
mm.ace.1165	E06000023
mm.musa.295	E06000030
mm.domus.SE349	E07000099
mm.domus.SC152	S12000028
mm.domus.EM056	E07000176
mm.domus.EM044	E07000176
mm.domus.NW175	E07000127
mm.domus.WM146	E07000220
mm.wiki.389	E08000034
mm.domus.WM020	E07000220
mm.musa.296	E07000220
mm.wiki.056	E07000029
mm.wiki.015	E07000012
mm.domus.SE391	E06000041
mm.domus.SE085	E07000216
mm.wiki.299	E07000152
mm.ace.1280	E07000152
mm.domus.NW195	
mm.aim82M.059	S12000030
mm.domus.YH027	E08000019
mm.domus.NW165	E07000121
mm.domus.NW120	E07000031
mm.domus.SW110	E06000028
mm.domus.SE432	E07000224
mm.mald.135	W06000004
mm.domus.EM072	E06000017
mm.wiki.057	E07000031
mm.aim.0440	E06000046
mm.domus.SE462	E07000064
mm.domus.SE586	E07000064
mm.domus.SE347	E07000064
mm.domus.YH081	E07000167
mm.domus.NE047	E08000024
mm.musa.297	E09000020
mm.domus.NW064	E08000004
mm.domus.SE348	E07000077
mm.mald.163	W06000001
mm.domus.SE449	E07000148
mm.domus.SW129	E07000044
mm.domus.NW136	E08000006
mm.musa.298	E06000022
mm.domus.SW154	E06000052
mm.aim82NM.108	E06000022
mm.domus.SW241	E06000026
mm.Mus70Cal.008	E08000037
mm.musa.299	E09000028
mm.hha.146	E07000126
mm.musa.300	E07000091
mm.domus.WM078	E07000194
mm.wiki.184	E09000033
mm.hha.039	E07000040
mm.wiki.464	S12000035
mm.musa.301	E07000070
mm.domus.SC185	S12000034
mm.wiki.289	E07000146
mm.domus.SE019	E07000108
mm.domus.SC059	S12000006
mm.domus.WM068	E08000025
mm.hha.194	
mm.aim.1258	S12000006
mm.misc.167	E07000012
mm.wiki.351	E07000205
mm.domus.SE493	E07000205
mm.fcm.221	S12000027
mm.hha.126	E07000167
mm.domus.SC260	S12000023
mm.domus.SW101	E06000029
mm.domus.YH085	E07000168
mm.misc.026	E07000168
mm.hha.093	E06000013
mm.domus.WA065	W06000008
mm.domus.SE507	E09000020
mm.domus.WA024	W06000009
mm.hha.175	S12000024
mm.domus.SC186	S12000046
mm.domus.SC182	S12000042
mm.aim.0858	S12000015
mm.ace.1205	E07000116
mm.domus.SC188	S12000015
mm.mgs.313	S12000046
mm.aim82NM.110	S12000024
mm.aim.0050	S12000028
mm.domus.SC094	S12000021
mm.aim82NM.111	S12000026
mm.domus.SC284	S12000036
mm.mgs.350	S12000015
mm.ace.1261	E06000045
mm.domus.SE431	E07000063
mm.MDN.016	N09000009
mm.domus.SE597	E07000088
mm.domus.SE379	E07000008
mm.musa.004	E07000149
mm.ace.1138	E08000022
mm.domus.WA088	W06000002
mm.domus.NW166	E08000012
mm.domus.WM099	E08000025
mm.musa.303	E07000225
mm.wiki.359	E07000209
mm.domus.NW140	E07000026
mm.nimc.035	N09000001
mm.domus.SC190	S12000034
mm.ace.1197	E08000021
mm.domus.SE079	E07000111
mm.musa.304	E07000239
mm.domus.YH083	E06000011
mm.hha.056	E07000079
mm.wiki.250	E07000132
mm.domus.SW126	E07000050
mm.domus.WM029	E07000221
mm.musa.305	E09000028
mm.domus.SC282	S12000006
mm.domus.YH142	E07000164
mm.wiki.074	E07000039
mm.ace.1133	E07000039
mm.hha.004	E06000037
mm.domus.SE519	E07000241
mm.misc.075	S12000013
mm.wiki.232	E07000113
mm.ace.1162	E08000019
mm.domus.NE055	E08000021
mm.domus.YH024	E08000019
mm.musa.306	E07000190
mm.hha.048	E07000052
mm.domus.SW125	E07000052
mm.misc.097	E07000052
mm.aim.0877	E07000209
mm.musa.307	E09000033
mm.domus.EM057	E06000018
mm.domus.SC040	S12000027
mm.domus.SC039	S12000027
mm.domus.SC306	S12000027
mm.domus.YH112	E08000033
mm.domus.NE029	E08000037
mm.hha.107	E06000051
mm.musa.308	E06000046
mm.domus.SE346	E07000062
mm.domus.WM100	E07000197
mm.wiki.044	E06000052
mm.domus.SE115	E07000147
mm.aim.0881	E07000187
mm.wiki.276	E08000015
mm.aim.0882	E07000111
mm.domus.SC316	S12000044
mm.ace.333	E06000051
mm.domus.WM006	E06000051
mm.domus.WM136	E07000197
mm.wiki.026	E06000050
mm.domus.SW156	E07000040
mm.musa.310	E07000106
mm.domus.NW082	E06000049
mm.domus.YH144	E07000164
mm.domus.SE132	
mm.wiki.251	E07000134
mm.domus.SE570	E09000007
mm.musa.311	E06000046
mm.aim.0625	E07000035
mm.domus.SC246	S12000026
mm.domus.SE536	E07000116
mm.musa.312	E07000113
mm.musa.313	E07000113
mm.domus.NW176	E07000031
mm.hha.168	S12000023
mm.mgs.288	S12000023
mm.domus.SC191	S12000035
mm.domus.YH169	E06000011
mm.fcm.230	S12000017
mm.hha.127	E06000011
mm.domus.SE345	E06000039
mm.mgs.346	S12000038
mm.domus.SE537	E07000105
mm.aim82M.040	E07000079
mm.aim.0892	E08000028
mm.domus.YH115	E08000033
mm.domus.NW106	E08000001
mm.ace.1094	E08000013
mm.wiki.034	E06000052
mm.fcm.231	E09000033
mm.domus.EM075	E07000134
mm.domus.SW224	E07000083
mm.domus.SE072	E07000071
mm.domus.SE160	E09000033
mm.domus.WM132	E08000025
mm.domus.SW158	E07000081
mm.aim.0898	E07000181
mm.domus.SE452	E06000045
mm.aim.0900	E07000028
mm.hha.083	E07000206
mm.wiki.330	E06000022
mm.domus.SW164	E07000191
mm.musa.314	E07000188
mm.domus.SW190	E07000190
mm.domus.SW124	E07000190
mm.domus.SW123	E07000187
mm.domus.NI013	N09000011
mm.hha.180	S12000008
mm.wiki.172	E09000022
mm.aim82NM.113	E07000206
mm.domus.NE076	E08000023
mm.aim.0907	E07000045
mm.fcm.232	E07000110
mm.domus.SE060	E09000028
mm.domus.SW171	E07000043
mm.domus.EM060	E06000018
mm.domus.NW094	E07000126
mm.domus.NE030	E08000023
mm.musa.316	E07000030
mm.aim82NM.118	S12000013
mm.domus.WA063	W06000012
mm.domus.WA071	W06000013
mm.ace.1144	E08000017
mm.ace.1119	E08000018
mm.domus.SE277	E06000045
mm.domus.SE279	E06000045
mm.wiki.104	E06000011
mm.domus.SE246	E06000033
mm.domus.SE195	E06000033
mm.wiki.140	E06000033
mm.domus.SE492	E06000033
mm.aim82NM.115	E08000014
mm.domus.SE343	E06000044
mm.wiki.173	E09000024
mm.hha.098	E07000152
mm.domus.SE430	E07000206
mm.misc.123	E07000206
mm.ace.1275	E07000140
mm.domus.NW171	E08000012
mm.domus.SE422	E07000213
mm.wiki.174	E09000033
mm.domus.SE606	E07000114
mm.domus.WM092	E06000021
mm.domus.SC193	S12000046
mm.domus.NI020	N09000009
mm.domus.YH138	E06000010
mm.aim82M.041	E06000054
mm.domus.SW127	E06000023
mm.domus.SW184	E06000052
mm.aim.0931	E07000240
mm.misc.124	E07000240
mm.Mus70Cal.027	S12000015
mm.domus.SC255	S12000015
mm.domus.SC245	S12000015
mm.domus.SW076	E07000043
mm.musa.319	W06000004
mm.musa.320	E07000106
mm.domus.SE461	E07000091
mm.ace.1211	E09000001
mm.musa.321	E09000001
mm.misc.157	S12000036
mm.domus.WA087	W06000015
mm.aim.0926	E07000228
mm.domus.NW142	E08000013
mm.musa.322	E06000052
mm.fcm.235	E07000147
mm.musa.323	E06000019
mm.domus.WM017	E07000222
mm.aim.0925	E07000138
mm.aim82NM.114	E08000018
mm.domus.SE188	E07000108
mm.domus.NW156	
mm.hha.027	E07000227
mm.musa.325	E08000022
mm.musa.326	E06000052
mm.domus.SW203	E06000052
mm.domus.SC133	S12000046
mm.domus.SE504	E07000011
mm.domus.SW091	E07000041
mm.wiki.170	E09000001
mm.domus.SE104	E07000148
mm.aim82NM.091	
mm.mgs.333	S12000033
mm.domus.SC268	S12000026
mm.ace.1285	E07000147
mm.musa.327	E09000022
mm.wiki.462	S12000041
mm.misc.197	W06000005
mm.misc.178	E07000049
mm.domus.SE361	E07000214
mm.mgs.384	S12000017
mm.domus.WM104	E07000197
mm.MDN.033	E07000197
mm.domus.WM101	E07000197
mm.domus.SE360	E07000009
mm.ace.1183	E08000007
mm.fcm.239	E07000147
mm.aim82M.042	E07000141
mm.domus.EM030	E07000141
mm.domus.SE558	E07000228
mm.hha.090	E07000131
mm.domus.SE359	E06000040
mm.wiki.117	E06000043
mm.musa.328	E07000077
mm.hha.028	E07000225
mm.hha.057	E07000083
mm.aim.0936	E07000049
mm.domus.SW069	E06000030
mm.wiki.242	E07000121
mm.domus.SE496	E09000003
mm.domus.NE031	E08000022
mm.domus.SE358	E07000243
mm.misc.154	S12000008
mm.domus.SE357	E07000227
mm.domus.SC192	S12000030
mm.hha.049	E07000050
mm.domus.NW192	E08000007
mm.domus.NW018	E08000007
mm.domus.NW017	E08000007
mm.domus.SE356	E06000032
mm.wiki.006	E06000056
mm.aim.0941	E07000107
mm.wiki.429	W06000001
mm.misc.159	E06000054
mm.wiki.365	E07000222
mm.musa.329	E07000130
mm.wiki.313	E07000179
mm.domus.WA006	W06000002
mm.aim.0943	E06000056
mm.domus.NW163	E07000031
mm.domus.SW221	E06000054
mm.misc.125	E07000074
mm.hha.007	E07000004
mm.domus.SC307	S12000035
mm.hha.184	W06000010
mm.domus.SE105	E07000148
mm.domus.SC065	S12000006
mm.hha.010	E07000084
mm.wiki.366	E07000221
mm.aim82M.043	E07000221
mm.aim82NM.116	S12000024
mm.domus.SC194	S12000017
mm.ace.1258	E09000027
mm.domus.YH136	E06000010
mm.wiki.016	E07000009
mm.domus.NW068	E06000050
mm.domus.SC195	S12000023
mm.wiki.290	E07000144
mm.ace.1103	E07000032
mm.wiki.045	E06000052
mm.domus.SW167	E07000050
mm.domus.EM086	E07000035
mm.wiki.352	E07000200
mm.misc.036	E07000200
mm.hha.058	E07000083
mm.domus.NW104	E08000012
mm.domus.SE354	E07000200
mm.wiki.354	E07000205
mm.ace.1252	E07000204
mm.wiki.353	E07000205
mm.hha.105	E06000019
mm.domus.EM006	E07000155
mm.domus.SC196	S12000044
mm.domus.NE032	E08000024
mm.aim82NM.010	E06000011
mm.aim.0951	E06000046
mm.ace.1122	E06000020
mm.mgs.301	S12000036
mm.aim.0338	E07000211
mm.domus.SE353	E07000214
mm.wiki.360	E07000209
mm.domus.SE456	E07000061
mm.musa.332	E07000065
mm.misc.126	E07000205
mm.domus.SE523	E09000012
mm.hha.128	E07000164
mm.aim.0956	E07000147
mm.domus.SE135	E07000143
mm.ace.1096	E07000177
mm.musa.334	E07000166
mm.domus.SW169	E07000051
mm.aim.1206	E07000051
mm.misc.016	W06000011
mm.domus.WA033	W06000011
mm.domus.SW070	E06000030
mm.domus.SE352	E07000181
mm.wiki.430	W06000001
mm.hha.002	E09000018
mm.domus.WA099	W06000003
mm.wiki.300	E07000156
mm.domus.WA010	W06000002
mm.domus.NW143	E06000049
mm.wiki.431	W06000001
mm.wiki.017	E07000011
mm.domus.SC269	S12000013
mm.domus.SC273	S12000013
mm.domus.SC197	S12000017
mm.domus.SC290	S12000036
mm.aim82NM.120	S12000028
mm.wiki.087	E07000047
mm.domus.NW189	E08000008
mm.domus.WM024	E07000199
mm.domus.NE048	E08000021
mm.domus.SE565	E07000225
mm.domus.SC198	S12000027
mm.domus.SW131	E07000051
mm.misc.107	E06000020
mm.mgs.282	S12000017
mm.domus.SE017	E09000033
mm.domus.NW099	E08000012
mm.ace.1136	E09000028
mm.domus.SW170	E06000052
mm.domus.EM090	E07000137
mm.domus.NW180	E06000049
mm.ace.1154	E07000047
mm.mgs.372	S12000042
mm.musa.335	E07000052
mm.aim82M.044	E06000005
mm.musa.337	W06000008
mm.domus.SW103	E07000045
mm.domus.SW207	E06000052
mm.domus.YH007	E08000035
mm.domus.WM009	E07000235
mm.domus.WA064	W06000009
mm.musa.339	S12000046
mm.domus.SE372	E07000105
mm.misc.148	E07000052
mm.domus.SW181	E07000079
mm.wiki.146	E07000083
mm.domus.SW135	E07000083
mm.domus.YH073	E08000035
mm.ace.1210	E07000179
mm.musa.340	E09000030
mm.domus.SE371	E06000037
mm.musa.154	E07000077
mm.wiki.424	N09000006
mm.domus.WM025	E07000238
mm.domus.SW107	E06000022
mm.aim.0981	E06000049
mm.aim.0952	E07000214
mm.domus.NI024	N09000002
mm.aim82NM.007	E07000169
mm.wiki.301	E06000057
mm.aim82NM.019	E07000045
mm.domus.NW002	E07000029
mm.wiki.272	E08000012
mm.MDN.017	N09000003
mm.aim.0994	E07000130
mm.domus.SW197	E07000041
mm.aim.1153	E07000187
mm.misc.149	S12000013
mm.domus.EM083	E07000131
mm.aim82M.008	E09000001
mm.misc.046	E06000050
mm.misc.062	E07000194
mm.aim.1004	E07000137
mm.domus.SC299	S12000020
mm.aim.1005	E07000228
mm.misc.076	E08000034
mm.misc.022	E07000105
mm.wiki.495	S12000027
mm.domus.SW017	E06000052
mm.wiki.478	S12000017
mm.aim.1017	E07000066
mm.domus.SE421	E06000055
mm.aim.1020	E09000019
mm.domus.WM074	E06000019
mm.aim.1022	E07000213
mm.aim.1023	E09000022
mm.domus.SE076	E09000020
mm.misc.100	W06000009
mm.ace.1214	E06000041
mm.ace.324	E07000138
mm.misc.133	W06000008
mm.domus.WM011	E07000237
mm.misc.162	E06000011
mm.mald.007	W06000001
mm.misc.008	E07000167
mm.ace.1225	E07000165
mm.aim.1026	E08000026
mm.domus.YH052	E07000163
mm.aim.1031	E07000026
mm.misc.066	S12000006
mm.aim.1036	E09000032
mm.wiki.432	W06000015
mm.misc.010	E06000046
mm.aim.1040	E06000021
mm.domus.NW038	E07000123
mm.domus.YH151	E08000033
mm.aim.1042	E07000204
mm.domus.SE506	E09000019
mm.aim.1097	E07000051
mm.domus.SE020	E09000011
mm.domus.SE505	E07000012
mm.aim.1051	E07000128
mm.domus.WM057	E07000235
mm.domus.SE370	E09000007
mm.musa.341	S12000036
mm.domus.NW115	E08000002
mm.ace.1254	E09000030
mm.domus.SE001	E09000022
mm.wiki.382	E08000036
mm.mgs.343	S12000036
mm.domus.YH061	E07000166
mm.domus.NW039	E06000009
mm.ace.1123	E07000094
mm.aim.1068	
mm.domus.EM105	E06000016
mm.domus.SE562	E07000094
mm.wiki.448	W06000023
mm.aim.1071	S12000030
mm.ace.1247	E08000012
mm.wiki.387	E08000032
mm.hha.110	E07000198
mm.aim82NM.056	E07000035
mm.domus.SW160	E06000024
mm.mgs.383	S12000035
mm.ace.1148	E06000057
mm.ace.380	E06000055
mm.mgs.390	S12000017
mm.domus.SC178	S12000017
mm.musa.342	S12000035
mm.misc.005	E06000040
mm.aim.1080	E07000217
mm.aim.1082	E06000042
mm.musa.343	E07000110
mm.wiki.055	E07000030
mm.domus.SE058	E09000033
mm.domus.NI010	N09000006
mm.domus.SC305	S12000006
mm.aim.1089	E06000051
mm.domus.SC037	S12000026
mm.domus.SC011	S12000026
mm.misc.088	E08000021
mm.aim.1091	E09000013
mm.aim.1093	E08000012
mm.aim.1095	E07000111
mm.domus.YH069	E06000014
mm.wiki.481	S12000017
mm.wiki.013	E07000008
mm.domus.NE001	E08000021
mm.ace.1198	E07000217
mm.domus.SE319	E09000018
mm.ace.1246	E08000006
mm.aim82M.057	E07000028
mm.fcm.155	E07000221
mm.domus.NW145	E08000003
mm.wiki.014	E07000011
mm.domus.SE337	E06000044
mm.domus.SC232	S12000042
mm.aim.1111	E07000203
mm.domus.SC022	S12000041
mm.wiki.399	E06000054
mm.domus.SW057	E07000083
mm.domus.WM007	E07000237
mm.misc.032	E07000114
mm.misc.044	E07000134
mm.aim.1115	E07000052
mm.aim82NM.074	E07000115
mm.wiki.139	E07000066
mm.aim.1117	E07000147
mm.aim.1196	E07000071
mm.aim.1121	S12000015
mm.misc.072	E07000048
mm.wiki.422	N09000005
mm.domus.EM047	E07000154
mm.domus.SE445	E09000019
mm.aim.1131	E07000209
mm.domus.SC171	S12000006
mm.domus.SE082	E09000018
mm.wiki.426	N09000006
mm.aim.1136	E07000193
mm.aim.1138	E07000175
mm.misc.007	E06000042
mm.misc.120	E07000242
mm.misc.015	E06000018
mm.musa.344	S12000030
mm.domus.SE605	E07000145
mm.ace.1181	E08000030
mm.aim.1142	W06000006
mm.ace.1097	E06000023
mm.misc.070	
mm.aim.1147	E07000071
mm.domus.SE236	E07000225
mm.misc.011	E07000119
mm.mgs.290	S12000034
mm.aim.1151	S12000034
mm.wiki.264	E06000013
mm.misc.012	E06000049
mm.mgs.368	S12000035
mm.ace.1267	E06000055
mm.aim.1156	E07000096
mm.aim.1157	E08000025
mm.ace.1125	E08000025
mm.wiki.088	E07000045
mm.domus.SC138	S12000036
mm.ace.1160	E07000008
mm.aim.1161	E09000007
mm.aim82NM.105	E07000108
mm.musa.345	E07000152
mm.domus.SW086	E07000049
mm.domus.YH103	E06000014
mm.domus.EM098	E07000032
mm.aim.1166	E07000026
mm.aim.1169	E09000028
mm.musa.346	E09000033
mm.musa.347	S12000036
mm.hha.001	E09000011
mm.domus.EM055	E07000175
mm.misc.083	E07000191
mm.ace.1241	E07000195
mm.misc.128	E07000203
mm.domus.WA060	W06000023
mm.domus.SC291	S12000036
mm.aim82NM.095	E06000040
mm.domus.SW112	E06000054
mm.ace.1159	E07000005
mm.aim82NM.096	S12000021
mm.wiki.230	E07000108
mm.ace.1253	E06000013
mm.wiki.169	E09000033
mm.aim.1186	W06000016
mm.domus.SE046	E06000045
mm.mgs.348	S12000036
mm.domus.SW128	E06000054
mm.aim.1189	S12000024
mm.domus.SE603	E07000106
mm.aim.1194	E07000080
mm.domus.SW109	E06000029
mm.domus.SE134	E07000147
mm.wiki.005	E06000056
mm.wiki.421	N09000005
mm.wiki.269	E07000140
mm.MDN.034	E07000197
mm.domus.WM008	E07000194
mm.domus.YH107	E08000035
mm.domus.YH148	E06000011
mm.domus.SC063	S12000006
mm.aim.1202	E07000227
mm.aim.1203	E07000178
mm.aim.1205	E07000205
mm.mgs.299	S12000046
mm.wiki.451	W06000023
mm.aim.1209	E07000147
mm.misc.129	E07000205
mm.aim.1210	E07000152
mm.ace.1176	E09000027
mm.domus.WM046	E07000234
mm.misc.099	E06000011
mm.ace.1141	E06000013
mm.misc.068	E07000062
mm.misc.147	E07000052
mm.aim.1215	E09000027
mm.domus.SC263	S12000021
mm.domus.NW148	E08000012
mm.domus.EM032	E07000137
mm.aim.1217	E08000014
mm.domus.SE550	E07000084
mm.domus.SE096	E09000033
mm.domus.NW128	E06000050
mm.wiki.400	E06000054
mm.domus.NW139	E07000125
mm.wiki.212	E06000046
mm.ace.713	E07000147
mm.misc.136	E06000054
mm.aim.0976	E09000024
mm.domus.SE560	E07000181
mm.aim.1230	E06000054
mm.ace.1268	E07000175
mm.ace.1113	E07000165
mm.wiki.073	E07000035
mm.mgs.147	S12000036
mm.domus.SW176	E06000054
mm.ace.1104	E08000025
mm.domus.SC199	S12000026
mm.domus.YH105	E07000164
mm.musa.349	S12000006
mm.wiki.086	E07000044
mm.aim82M.045	E06000052
mm.domus.SW136	E06000025
mm.domus.SE369	E06000031
mm.wiki.502	E07000137
mm.misc.163	E07000165
mm.aim.1245	E07000102
mm.wiki.058	E07000026
mm.hha.102	E07000176
mm.domus.SE368	E06000034
mm.mgs.357	S12000017
mm.domus.YH004	E08000035
mm.mgs.371	S12000017
mm.aim.0227	S12000017
mm.musa.350	E06000034
mm.ace.413	E07000145
mm.wiki.203	E06000019
mm.domus.YH162	E06000012
mm.domus.SE367	E07000108
mm.aim.1246	E07000044
mm.domus.SC227	S12000017
mm.domus.NE065	E06000047
mm.mald.148	W06000010
mm.aim82NM.121	S12000027
mm.domus.SW222	E07000189
mm.wiki.373	E08000028
mm.musa.351	E07000071
mm.hha.088	E07000035
mm.misc.048	S12000017
mm.wiki.444	W06000021
mm.hha.021	E07000215
mm.hha.040	E07000042
mm.domus.SW137	E07000042
mm.musa.352	E07000147
mm.wiki.386	E08000033
mm.domus.SC226	S12000006
mm.domus.SC025	S12000034
mm.mgs.325	S12000033
mm.musa.353	E06000052
mm.domus.SE110	E07000145
mm.Mus70Cal.009	S12000046
mm.domus.WA096	W06000003
mm.musa.354	E07000052
mm.domus.SE366	E07000181
mm.domus.YH010	E08000034
mm.domus.SE117	E07000180
mm.aim82NM.122	E07000124
mm.misc.059	
mm.misc.164	S12000023
mm.domus.SC239	S12000020
mm.aim82NM.123	E08000001
mm.aim82M.060	E07000067
mm.domus.SW102	E07000041
mm.aim82M.046	E06000027
mm.wiki.466	S12000035
mm.domus.SW138	E06000027
mm.domus.SW139	E06000027
mm.domus.SW140	E07000046
mm.domus.SW141	E07000044
mm.aim82M.047	E07000044
mm.domus.NW118	E08000005
mm.misc.144	E07000061
mm.domus.NI014	N09000005
mm.wiki.018	E07000012
mm.musa.356	E07000178
mm.wiki.401	E06000054
mm.domus.SE112	E07000146
mm.domus.NW074	E07000117
mm.domus.NW177	E07000031
mm.domus.SE373	E07000061
mm.domus.YH109	E08000019
mm.wiki.390	E08000032
mm.hha.157	S12000026
mm.domus.SE598	E06000044
mm.domus.YH155	E06000014
mm.fcm.254	S12000017
mm.mald.149	W06000019
mm.domus.WA052	W06000022
mm.mald.151	W06000008
mm.wiki.010	E07000004
mm.domus.NW090	E08000010
mm.hha.189	W06000021
mm.domus.SW204	E06000052
mm.hha.033	E06000052
mm.domus.SC301	S12000026
mm.aim.1255	E07000096
mm.domus.SW142	E06000052
mm.mald.155	W06000008
mm.domus.SW120	E06000054
mm.domus.SE136	E07000146
mm.domus.NE067	E06000005
mm.misc.082	E07000114
mm.ace.1283	E07000237
mm.domus.SE278	E06000045
mm.mald.152	W06000009
mm.misc.158	E07000221
mm.domus.SC240	S12000020
mm.misc.142	S12000005
mm.domus.NW021	E07000028
mm.domus.SE374	E07000116
mm.musa.360	W06000014
mm.domus.YH108	E08000019
mm.aim.1261	E09000027
mm.musa.361	E08000010
mm.domus.NW044	E06000008
mm.hha.068	E06000055
mm.MDN.028	E07000193
mm.domus.SC266	S12000026
mm.fcm.257	E09000033
mm.aim.1263	E07000094
mm.misc.042	W06000002
mm.domus.WA098	W06000003
mm.fcm.258	W06000009
mm.domus.SE074	E07000071
mm.domus.WA097	W06000003
mm.wiki.361	E08000022
mm.domus.NE051	E08000022
mm.domus.SE509	E09000022
mm.domus.SE334	E07000110
mm.domus.WM041	E08000025
mm.wiki.274	E08000015
mm.domus.SE062	E09000007
mm.domus.SE429	E09000007
mm.hha.041	E07000045
mm.domus.SC303	S12000013
mm.ace.1167	E08000035
mm.domus.SC200	S12000017
mm.domus.NI015	N09000006
mm.MDN.020	N09000007
mm.domus.NI016	N09000011
mm.domus.NI017	N09000003
mm.MDN.022	N09000003
mm.aim.0001	E06000055
mm.aim.1267	E06000023
mm.domus.SE381	E07000008
mm.mgs.093	S12000033
mm.domus.SC221	S12000033
mm.domus.SC217	S12000006
mm.domus.SC300	S12000042
mm.domus.SC223	S12000042
mm.mgs.369	S12000042
mm.domus.SE589	E07000071
mm.domus.YH106	E06000010
mm.domus.NE056	E08000021
mm.ace.1237	E06000018
mm.domus.SE389	E07000178
mm.ace.1255	E08000006
mm.mald.154	W06000016
mm.domus.SC208	S12000015
mm.mgs.316	S12000015
mm.domus.SC222	S12000030
mm.musa.016	E07000063
mm.ace.436	E08000026
mm.domus.WM037	E08000026
mm.mgs.296	S12000027
mm.mgs.295	S12000027
mm.aim.1274	E09000016
mm.domus.SE559	E07000225
mm.domus.NI026	N09000009
mm.ace.1090	E07000221
mm.ace.1102	E06000041
mm.domus.SC201	S12000013
mm.musa.362	N09000009
mm.domus.EM027	E07000138
mm.domus.WA037	W06000021
mm.mald.157	W06000002
mm.ace.1155	E09000030
mm.domus.SE182	E07000180
mm.aim.1281	W06000014
mm.domus.SE063	E09000002
mm.musa.363	E09000026
mm.wiki.046	E06000053
mm.musa.364	E07000045
mm.domus.SE398	E06000046
mm.domus.SE364	E07000240
mm.domus.SE397	E09000031
mm.domus.SE168	E09000020
mm.domus.SW050	E06000022
mm.Mus70Cal.024	E06000018
mm.domus.YH018	E08000034
mm.mgs.366	S12000036
mm.wiki.177	E09000012
mm.fcm.262	E07000175
mm.domus.NE016	E06000057
mm.wiki.096	E06000047
mm.musa.366	E06000019
mm.wiki.103	E06000011
mm.musa.368	E07000004
mm.domus.YH122	E08000036
mm.Mus70Cal.023	E07000165
mm.domus.NW101	E08000012
mm.domus.SE395	E07000179
mm.domus.NE073	E06000057
mm.domus.SE501	E07000108
mm.domus.WM049	E08000030
mm.domus.WM047	E08000030
mm.aim.1289	E09000031
mm.domus.SE561	E07000076
mm.musa.369	E06000034
mm.musa.370	E07000209
mm.domus.SE480	E09000024
mm.domus.SE066	E09000032
mm.misc.134	E07000047
mm.domus.SE330	E06000032
mm.domus.SE435	E07000242
mm.domus.SW145	E07000051
mm.misc.139	E08000033
mm.domus.SW041	E06000054
mm.ace.1187	E07000067
mm.aim82M.048	E07000227
mm.domus.NW098	E06000007
mm.aim.1295	E06000007
mm.mgs.404	S12000023
mm.wiki.278	E08000015
mm.domus.WM018	E07000222
mm.domus.WM122	E08000025
mm.domus.WM016	E07000222
mm.domus.WM019	E07000221
mm.domus.WM085	E07000222
mm.domus.NE035	E08000024
mm.domus.NE072	E08000024
mm.wiki.331	E07000191
mm.domus.SW146	E07000191
mm.wiki.019	E07000012
mm.wiki.483	S12000017
mm.musa.371	E07000179
mm.domus.WM093	E06000019
mm.domus.SE400	E07000103
mm.domus.SE159	E07000209
mm.wiki.047	E06000052
mm.domus.SE405	E07000225
mm.domus.NE061	E06000047
mm.domus.NW067	E06000050
mm.wiki.241	E07000125
mm.domus.SC202	S12000044
mm.domus.NW069	E07000117
mm.musa.372	E07000220
mm.domus.WM075	E06000021
mm.domus.WM111	E08000028
mm.domus.WA067	E07000061
mm.Mus70Cal.021	E09000011
mm.musa.373	E09000007
mm.musa.374	E07000221
mm.domus.EM061	E07000156
mm.wiki.147	E07000079
mm.wiki.332	E07000190
mm.domus.SW115	E07000187
mm.wiki.487	S12000021
mm.aim82NM.125	W06000023
mm.wiki.323	E06000051
mm.domus.WA089	E09000001
mm.wiki.446	W06000012
mm.mald.158	W06000008
mm.misc.017	W06000011
mm.musa.376	W06000023
mm.domus.SE051	E07000241
mm.aim82M.061	S12000015
mm.wiki.204	E06000019
mm.domus.WM067	E08000025
mm.Mus70Cal.026	E08000004
mm.aim.1300	E07000053
mm.domus.SE084	E06000037
mm.musa.377	E06000043
mm.misc.064	E06000052
mm.domus.SE250	E07000106
mm.wiki.185	E09000025
mm.domus.SC203	S12000017
mm.domus.SC272	S12000021
mm.aim.1304	E08000015
mm.MDN.024	E08000025
mm.domus.NW083	E06000049
mm.aim82NM.127	E07000191
mm.domus.SW002	E07000191
mm.ace.1251	E07000204
mm.mald.159	W06000010
mm.domus.SE517	E07000007
mm.domus.SE404	E07000087
mm.musa.379	E08000012
mm.domus.SE255	E07000094
mm.domus.SE067	E09000033
mm.domus.SW121	E06000024
mm.ace.1263	E07000196
mm.domus.YH020	E08000019
mm.hha.059	E07000079
mm.domus.SW228	E07000188
mm.fcm.270	S12000023
mm.mgs.358	S12000017
mm.domus.SW223	E06000054
mm.aim82NM.128	E07000030
mm.aim.1308	E07000053
mm.domus.SW147	E07000052
mm.musa.380	E07000053
mm.musa.367	W06000023
mm.aim.1309	E07000033
mm.domus.SW133	E06000052
mm.domus.SE380	E07000008
mm.domus.SC308	S12000040
mm.ace.1227	E07000168
mm.wiki.307	E07000168
mm.domus.YH091	E07000168
mm.ace.1242	E06000051
mm.aim.1312	E07000084
mm.aim82NM.129	E06000051
mm.wiki.178	E09000027
mm.domus.SE403	E07000108
mm.ace.1190	E09000029
mm.domus.NI009	N09000008
mm.aim.0317	E09000010
mm.domus.SC205	S12000006
mm.wiki.468	S12000006
mm.hha.111	E07000195
mm.wiki.494	S12000026
mm.domus.SE215	E07000106
mm.hha.060	E07000079
mm.domus.SE402	E07000010
mm.domus.NW144	E08000003
mm.aim.1315	E07000125
mm.mgs.364	S12000017
mm.aim.1316	E06000006
mm.domus.NW089	E08000010
mm.domus.WM135	E08000031
mm.misc.102	E07000135
mm.wiki.252	E07000135
mm.domus.YH135	E06000010
mm.aim82NM.130	S12000035
mm.ace.1271	E06000013
mm.domus.WM050	E08000030
mm.aim.1318	E06000018
mm.wiki.253	E06000016
mm.wiki.355	E07000206
mm.domus.SC019	S12000041
mm.domus.SE065	E09000031
mm.wiki.314	E07000180
mm.domus.NW058	E08000015
mm.aim.1090	E08000012
mm.domus.SE220	E07000084
mm.wiki.427	N09000005
mm.aim.1322	E06000054
mm.domus.SW113	E06000054
mm.domus.SW153	E06000054
mm.domus.SW105	E06000054
mm.domus.SE399	E09000024
mm.domus.SE406	E09000024
mm.domus.SE541	E07000012
mm.wiki.334	E07000189
mm.domus.SW148	E07000083
mm.domus.SW168	E07000083
mm.domus.SE409	E07000064
mm.musa.386	E07000094
mm.domus.SE254	E07000094
mm.aim.1326	E07000094
mm.misc.003	E07000145
mm.domus.NW087	E07000031
mm.mald.160	W06000018
mm.domus.SE156	E06000040
mm.wiki.008	E06000040
mm.fcm.274	E07000228
mm.musa.387	E06000003
mm.aim.1329	E08000025
mm.domus.EM102	E07000035
mm.wiki.279	E08000015
mm.musa.388	E08000015
mm.domus.SE408	E07000010
mm.fcm.275	E07000061
mm.domus.YH092	E06000011
mm.hha.069	E06000056
mm.domus.SE592	E06000056
mm.aim82M.049	E07000146
mm.hha.050	E07000050
mm.musa.389	E07000156
mm.domus.EM018	E06000018
mm.wiki.409	E06000018
mm.wiki.291	E07000147
mm.domus.WM013	E08000031
mm.fcm.276	E08000031
mm.domus.SE407	E07000205
mm.hha.061	E07000082
mm.domus.SE567	E07000105
mm.aim.1335	E07000122
mm.domus.YH086	E07000168
mm.domus.EM110	E07000137
mm.domus.NE063	E06000057
mm.domus.NE064	E06000057
mm.wiki.186	E09000011
mm.domus.SE410	E07000203
mm.misc.039	E07000079
mm.domus.EM089	E07000141
mm.domus.WM010	E07000237
mm.domus.WM027	E07000238
mm.ace.1207	E07000237
mm.domus.WM087	E08000027
mm.domus.NW178	E07000026
mm.aim.1342	E07000026
mm.Mus70Cal.030	E07000171
mm.domus.NW100	E08000012
mm.musa.390	E07000040
mm.domus.NW133	E08000013
mm.wiki.308	E07000164
mm.domus.SE585	E09000018
mm.aim.1346	E06000044
mm.domus.YH045	E08000016
mm.misc.177	E07000047
mm.domus.SE411	E07000229
mm.musa.391	E08000016
mm.domus.SW116	E07000082
mm.musa.392	E06000056
mm.domus.WA042	W06000006
mm.aim82NM.042	W06000006
mm.domus.WM116	E06000051
mm.domus.SE412	E07000007
mm.domus.EM065	E06000016
mm.musa.393	E06000057
mm.aim.1348	E07000149
mm.domus.SE138	E07000149
mm.domus.NW012	E08000003
mm.aim82M.051	E06000046
mm.musa.394	E06000025
mm.domus.SW119	E06000054
mm.wiki.092	E07000047
mm.wiki.335	E07000189
mm.wiki.294	E07000145
mm.aim82NM.112	E06000024
mm.domus.WA040	W06000024
mm.domus.YH093	E08000018
mm.domus.YH094	E06000014
mm.domus.YH096	E06000014
mm.MDN.009	E06000014
mm.wiki.305	E06000014
mm.ace.164	E06000014
mm.aim82NM.101	E06000014
mm.domus.YH095	E06000014
mm.domus.YH102	E06000014
mm.misc.105	E08000035
mm.wiki.391	E08000034
mm.domus.YH048	E06000014
mm.aim82M.052	E07000166
mm.domus.YH031	E06000014
mm.domus.YH099	E08000036
mm.domus.YH082	E06000011
mm.musa.396	E06000054
mm.misc.132	W06000008
mm.mald.162	W06000002
mm.musa.397	E06000003
mm.hud.001	W06000008
mm.hud.002	W06000008
mm.hud.005	E07000065
mm.hud.006	W06000008
mm.hud.007	E06000046
mm.hud.014	E06000046
mm.hud.019	E08000001
mm.hud.021	E06000028
mm.hud.022	E07000067
mm.hud.024	E06000023
mm.hud.025	E06000023
mm.hud.026	E06000027
mm.misc.184	S12000013
mm.misc.185	S12000013
mm.misc.186	S12000027
mm.misc.190	S12000013
mm.misc.191	E09000028
mm.misc.192	E06000043
mm.misc.193	E09000013
mm.misc.194	E08000012
mm.ace.685	E08000036
mm.misc.195	E06000008
mm.misc.199	E09000033
mm.misc.200	E08000003
mm.misc.201	E07000079
mm.misc.202	E07000132
mm.misc.203	E07000089
mm.misc.204	E06000019
mm.misc.205	E06000019
mm.misc.206	E07000042
mm.misc.207	E06000052
mm.misc.208	E07000065
mm.misc.209	E06000014
mm.misc.210	E07000067
mm.misc.211	E07000049
mm.misc.212	E07000087
mm.misc.213	S12000033
mm.misc.214	E08000008
mm.misc.215	S12000036
mm.misc.216	E06000019
mm.misc.217	E08000012
mm.misc.218	E06000022
mm.misc.219	S12000006
mm.misc.220	S12000039
mm.misc.221	S12000020
mm.misc.222	S12000017
mm.misc.223	S12000026
mm.misc.225	S12000006
mm.misc.226	S12000008
mm.misc.227	S12000011
mm.misc.228	S12000036
mm.misc.229	S12000036
mm.misc.230	S12000015
mm.misc.231	S12000038
mm.misc.232	E07000108
mm.misc.233	E08000013
mm.misc.234	E06000025
mm.misc.235	S12000006
mm.misc.236	E07000131
mm.misc.237	N09000002
mm.misc.238	E07000139
mm.misc.239	S12000026
mm.misc.240	E07000027
mm.misc.241	E07000143
mm.misc.242	S12000020
mm.misc.243	N09000003
mm.misc.244	E06000019
mm.misc.245	E08000012
mm.misc.246	W06000006
mm.misc.247	S12000035
mm.misc.248	E08000032
mm.misc.249	E06000014
mm.misc.250	S12000042
mm.misc.251	E07000040
mm.misc.252	E09000019
mm.misc.253	E07000113
mm.misc.254	E07000110
mm.misc.255	E07000037
mm.misc.256	E07000052
mm.misc.257	E09000022
mm.misc.258	E06000057
mm.misc.259	E09000032
mm.misc.260	E06000054
mm.misc.262	E07000110
mm.misc.263	E07000004
mm.misc.264	E07000147
mm.misc.266	E09000033
mm.ace.1294	E07000044
mm.ace.1295	E07000099
mm.ace.1296	E06000052
mm.ace.1297	E07000175
mm.ace.1298	E06000047
mm.ace.1299	S12000017
mm.misc.267	E09000028
mm.misc.268	E09000025
