project_id	LSOA2011_GSS
mm.domus.SE118	E01026887
mm.domus.SE499	E01021084
mm.domus.YH001	E01007418
mm.domus.NW036	E01025295
mm.domus.EM073	E01025938
mm.domus.SE329	E01002865
mm.musa.002	E01004306
mm.MDN.025	W01000917
mm.domus.SE524	E01000896
mm.wiki.007	E01017478
mm.wiki.280	E01026913
mm.wiki.504	E01030176
mm.wiki.254	E01026159
mm.wiki.475	S01010267
mm.wiki.295	E01027223
mm.domus.EM048	E01013479
mm.domus.SW230	E01019911
mm.wiki.059	E01019238
mm.domus.YH005	E01011488
mm.domus.EM066	E01013605
mm.domus.YH023	E01007932
mm.domus.NW025	E01019363
mm.domus.SC001	S01009307
mm.hha.153	S01012377
mm.mald.001	W01001332
mm.misc.093	W01000506
mm.domus.WA094	W01000130
mm.domus.SC002	S01006586
mm.domus.SC003	S01006589
mm.domus.SC187	S01006582
mm.domus.SC173	S01007064
mm.aim.0005	W01001557
mm.aim82NM.001	W01001933
mm.aim.0006	W01001436
mm.domus.WA066	W01000512
mm.domus.SE170	E01033306
mm.domus.EM001	E01027135
mm.aim82NM.002	S01010658
mm.hha.051	E01014929
mm.domus.WM034	E01028990
mm.aim82NM.003	S01007003
mm.hha.130	E01018668
mm.aim82M.001	E01018988
mm.aim82NM.131	E01021166
mm.domus.SE413	E01024015
mm.domus.SE171	E01023142
mm.aim82NM.005	E01031308
mm.Mus70Cal.002	S01011654
mm.domus.YH154	E01027644
mm.wiki.392	E01031841
mm.domus.SE172	E01030153
mm.domus.SE176	
mm.domus.SE169	E01023136
mm.aim.0037	E01010241
mm.musa.006	E01033594
mm.domus.SW193	E01031884
mm.wiki.456	S01006883
mm.domus.EM003	E01026043
mm.misc.112	S01006883
mm.fcm.001	E01030282
mm.domus.EM059	E01027110
mm.aim.0014	E01032739
mm.domus.SE177	E01022576
mm.hha.117	E01027703
mm.domus.SW093	E01019932
mm.domus.SC242	S01007466
mm.domus.SC013	S01013316
mm.aim.0710	E01027358
mm.aim82NM.006	E01020287
mm.aim.0018	E01029801
mm.hha.094	E01026998
mm.domus.SC016	S01011976
mm.domus.SE415	E01031626
mm.wiki.420	95MM02S1
mm.misc.084	95LL14S1
mm.aim.0021	E01017741
mm.domus.SE578	E01017745
mm.domus.WA005	W01000513
mm.domus.WA101	W01000494
mm.mgs.388	S01007284
mm.domus.SE007	E01004765
mm.domus.SC220	S01006669
mm.domus.SC293	S01008673
mm.aim.0025	E01021723
mm.domus.WM103	E01029701
mm.domus.SE116	E01026468
mm.domus.SE178	E01023202
mm.domus.SC068	S01009309
mm.domus.NI030	95HH03W1
mm.domus.WA081	W01000428
mm.domus.SE539	E01018011
mm.musa.008	S01007247
mm.domus.NE002	E01020595
mm.domus.WM033	E01031233
mm.domus.SE416	E01021039
mm.domus.SW198	E01018781
mm.wiki.341	E01029559
mm.mgs.327	S01010688
mm.musa.010	E01004761
mm.domus.NE033	E01008599
mm.domus.SC021	S01007185
mm.domus.SC020	S01007185
mm.hha.112	E01031050
mm.domus.SC024	S01007085
mm.mgs.380	S01006888
mm.wiki.097	E01033109
mm.hha.016	E01028730
mm.nimc.007	95CC15W1
mm.domus.SC069	S01013068
mm.hha.131	E01018598
mm.domus.SW231	E01020088
mm.aim82NM.009	E01022175
mm.mgs.367	S01013384
mm.domus.NI018	95CC22W1
mm.domus.NI022	95CC03W1
mm.domus.NW073	E01019374
mm.hha.158	S01010931
mm.misc.031	E01014249
mm.domus.SC030	S01011177
mm.wiki.218	E01017296
mm.musa.012	E01033493
mm.musa.015	95DD10W1
mm.wiki.375	E01031392
mm.domus.SE174	E01031392
mm.wiki.393	E01032022
mm.domus.SE515	E01017731
mm.ace.1163	E01030430
mm.misc.058	E01019612
mm.domus.SW157	E01020196
mm.domus.EM004	E01025918
mm.wiki.121	E01022057
mm.domus.SE248	E01024027
mm.wiki.236	E01024027
mm.domus.SE388	E01028521
mm.hha.074	E01023356
mm.domus.SE173	E01023586
mm.MDN.005	E01007497
mm.wiki.167	E01002691
mm.aim.0036	E01033619
mm.domus.NW003	E01006022
mm.domus.NW007	E01006250
mm.domus.NW006	E01024934
mm.domus.WM065	E01008901
mm.aim.0038	E01028603
mm.hha.042	E01020540
mm.domus.SW003	E01031949
mm.aim.0040	S01011981
mm.wiki.490	S01012012
mm.domus.NW014	E01006968
mm.domus.WM140	E01028959
mm.aim.0042	E01031903
mm.domus.SC032	S01007312
mm.wiki.093	E01020868
mm.domus.SE478	E01022075
mm.domus.SC071	S01008133
mm.domus.SC033	S01012387
mm.misc.018	E01019071
mm.aim82M.002	E01011235
mm.musa.021	E01010063
mm.hha.008	E01023236
mm.aim82NM.011	E01032062
mm.aim.0044	E01014865
mm.domus.WM001	E01032166
mm.aim.0046	E01005926
mm.domus.SW094	E01019947
mm.domus.SW173	E01019888
mm.domus.NE003	E01020848
mm.aim.0049	E01026500
mm.domus.EM013	E01026269
mm.musa.022	S01012540
mm.musa.023	E01025382
mm.ace.1086	E01031281
mm.misc.182	E01014891
mm.domus.YH011	E01011054
mm.ace.1189	E01027358
mm.domus.SC271	S01007918
mm.aim82NM.017	E01015578
mm.aim.0052	W01000957
mm.fcm.013	E01029343
mm.domus.EM014	E01019600
mm.wiki.206	E01023589
mm.domus.SE109	E01023259
mm.musa.026	95SS11S2
mm.hha.163	S01011046
mm.domus.NI025	95UU99C6
mm.domus.NI032	95DD08W1
mm.domus.NI023	95EE13W1
mm.hha.164	S01006792
mm.aim.0054	E01027374
mm.domus.SE181	E01028435
mm.domus.SC028	S01006865
mm.wiki.237	E01025195
mm.domus.SC027	S01007032
mm.domus.WA102	W01000076
mm.aim82M.023	E01026435
mm.aim.0057	E01032739
mm.domus.YH111	E01010967
mm.wiki.416	95FF12W1
mm.ace.1177	E01004733
mm.domus.WM015	E01010505
mm.aim82M.063	E01014746
mm.aim.0058	E01013416
mm.domus.SW178	E01019012
mm.domus.WM082	E01033631
mm.Mus70Cal.028	E01017139
mm.domus.YH030	E01013366
mm.musa.031	E01021257
mm.aim82NM.012	W01000049
mm.aim.0060	W01000049
mm.nimc.013	95LL10S1
mm.wiki.048	E01019012
mm.domus.SE004	E01000292
mm.aim82M.003	E01020511
mm.wiki.089	E01020094
mm.aim.0062	E01020287
mm.domus.SC070	S01008133
mm.mgs.044	S01009014
mm.domus.SC233	S01007705
mm.ace.1238	E01019527
mm.mald.052	W01001061
mm.wiki.281	E01026580
mm.domus.SE518	E01016256
mm.domus.SE599	E01022468
mm.wiki.333	E01029279
mm.domus.EM015	E01028011
mm.domus.SE528	E01021098
mm.domus.SW095	E01014370
mm.aim82NM.016	E01014372
mm.aim82NM.021	E01014373
mm.domus.SW005	E01014370
mm.domus.SW174	E01014407
mm.domus.YH017	E01011917
mm.domus.SE187	E01021084
mm.wiki.150	E01033725
mm.wiki.255	E01026054
mm.aim.0484	
mm.musa.035	E01021594
mm.aim.0067	E01030059
mm.misc.137	E01021500
mm.musa.036	E01012929
mm.domus.YH033	E01013258
mm.domus.SW188	E01020496
mm.domus.NE004	E01020622
mm.domus.SE214	E01024124
mm.aim82NM.013	E01003938
mm.wiki.198	E01022623
mm.domus.NW172	E01019356
mm.musa.037	E01022999
mm.domus.WA007	W01000005
mm.domus.SE418	E01030224
mm.domus.YH034	E01027794
mm.domus.SW004	E01014413
mm.domus.YH032	E01027588
mm.domus.SE414	E01017469
mm.domus.SE339	E01015740
mm.aim.0993	E01031064
mm.wiki.394	E01031843
mm.aim.0074	E01024724
mm.domus.SE196	E01015895
mm.misc.179	E01021892
mm.ace.1109	E01018372
mm.domus.EM069	E01013628
mm.musa.039	95TT02W1
mm.wiki.419	95PP03W1
mm.hha.011	E01024565
mm.wiki.064	E01019407
mm.musa.041	E01027447
mm.domus.EM088	E01026313
mm.hha.089	E01025887
mm.aim.0077	E01017284
mm.domus.SE005	E01000929
mm.domus.YH156	E01027619
mm.aim.0079	E01004736
mm.domus.SC072	S01013415
mm.wiki.309	E01028600
mm.domus.WM139	E01028841
mm.wiki.107	E01021165
mm.aim.0081	E01002225
mm.ace.1217	E01033445
mm.wiki.141	E01022353
mm.domus.SE068	E01002902
mm.musa.042	E01016703
mm.ace.1116	E01016414
mm.domus.SE194	E01016596
mm.musa.043	E01010164
mm.ace.1089	E01014097
mm.domus.WA013	W01000367
mm.domus.NE006	E01027377
mm.wiki.105	E01012948
mm.MDN.029	E01014316
mm.domus.SE006	E01000769
mm.mald.013	W01000121
mm.domus.YH168	E01013063
mm.ace.1118	E01013062
mm.domus.WM039	E01032428
mm.domus.SE193	E01021121
mm.domus.SE192	E01021091
mm.domus.SE191	E01000331
mm.musa.045	E01019945
mm.wiki.076	E01020277
mm.aim82NM.015	E01015283
mm.domus.WA016	W01001489
mm.mgs.223	S01012578
mm.domus.SC007	S01012578
mm.musa.046	S01012576
mm.musa.047	E01031479
mm.domus.NE007	E01012276
mm.domus.WM014	E01010416
mm.domus.WM048	E01010368
mm.musa.048	E01019225
mm.domus.NW059	E01007291
mm.ace.1208	E01033567
mm.domus.WM063	E01033620
mm.wiki.368	E01033561
mm.domus.WM064	E01033623
mm.domus.WM113	E01009949
mm.domus.SE152	E01026425
mm.wiki.324	E01029258
mm.domus.SE087	E01023253
mm.ace.1240	E01028992
mm.domus.YH022	E01007985
mm.domus.SE189	E01023453
mm.ace.504	E01023444
mm.aim.0098	E01020200
mm.musa.050	E01017224
mm.domus.WM110	E01014010
mm.domus.WM042	E01009757
mm.domus.SC038	S01011936
mm.domus.NW121	E01012644
mm.wiki.011	E01018151
mm.aim82M.004	E01017299
mm.domus.SC309	S01013431
mm.aim.0099	95GG40S2
mm.ace.1128	E01019397
mm.aim82M.005	E01023165
mm.mald.014	W01001489
mm.wiki.452	W01001489
mm.wiki.325	E01014747
mm.mald.015	W01001443
mm.hha.169	S01011981
mm.domus.SC034	S01006853
mm.domus.SW012	E01032516
mm.domus.SW001	E01029112
mm.domus.WM066	E01009515
mm.ace.1112	E01020438
mm.domus.SW045	E01020438
mm.domus.SW016	E01029268
mm.hha.017	E01028825
mm.musa.052	95OO16W1
mm.ace.1278	E01016711
mm.domus.SE538	E01026502
mm.aim82NM.020	E01000939
mm.domus.WM126	E01014116
mm.wiki.282	E01026627
mm.domus.SE198	E01028476
mm.aim.1305	E01029258
mm.ace.1164	E01021025
mm.wiki.302	E01027440
mm.domus.SC073	S01009255
mm.domus.SC041	S01012401
mm.aim82M.071	W01000020
mm.domus.WA012	W01000191
mm.musa.053	E01018935
mm.domus.SW013	E01018933
mm.hha.185	W01000223
mm.aim.0105	E01031436
mm.domus.YH037	E01010613
mm.wiki.020	E01018576
mm.hha.118	E01027744
mm.domus.NW109	E01033217
mm.domus.NW016	E01004869
mm.wiki.271	E01026386
mm.wiki.062	E01019104
mm.fcm.026	S01009260
mm.domus.SE210	E01016935
mm.Mus70Cal.001	E01007009
mm.domus.SC289	S01012363
mm.domus.WM004	E01032226
mm.wiki.151	E01003932
mm.misc.014	S01010685
mm.mald.019	W01001937
mm.domus.WM118	E01029670
mm.wiki.395	E01032011
mm.domus.EM085	E01026025
mm.wiki.152	E01002563
mm.wiki.470	S01007923
mm.ace.1200	E01025818
mm.domus.NW015	E01007031
mm.misc.114	E01018011
mm.aim.1076	E01027090
mm.domus.SE209	E01030390
mm.aim.0107	E01026298
mm.fcm.027	E01020365
mm.ace.1282	E01015290
mm.aim.0109	E01020236
mm.domus.NE011	E01020852
mm.ace.1139	E01008877
mm.mgs.354	S01012378
mm.hha.063	E01031904
mm.aim.0110	E01021708
mm.MDN.012	
mm.domus.YH040	E01010573
mm.domus.YH036	E01010825
mm.domus.SW014	E01032050
mm.aim.0112	E01033690
mm.ace.1235	E01017289
mm.aim82M.066	E01017289
mm.misc.172	E01020225
mm.misc.180	E01021907
mm.wiki.090	E01020291
mm.wiki.457	S01006793
mm.domus.SE200	E01033459
mm.wiki.179	E01003935
mm.domus.NW019	E01005929
mm.wiki.378	E01011712
mm.domus.WM086	E01029578
mm.domus.SC026	S01007010
mm.domus.NW001	E01019356
mm.musa.055	E01024406
mm.domus.SW152	E01020093
mm.aim.0117	E01023012
mm.domus.SC023	S01007235
mm.domus.WA018	W01000492
mm.wiki.108	E01021087
mm.wiki.219	E01024628
mm.musa.057	E01020507
mm.domus.SE023	E01000644
mm.domus.SE199	E01033064
mm.musa.058	E01024548
mm.fcm.030	S01012397
mm.domus.SE563	E01026873
mm.aim82NM.014	E01020431
mm.domus.WM095	E01028833
mm.mgs.389	S01010053
mm.wiki.098	E01012948
mm.domus.SW151	E01020503
mm.wiki.211	E01017291
mm.mgs.391	S01010674
mm.domus.SE201	E01021982
mm.domus.SE581	E01016952
mm.misc.045	E01016861
mm.domus.SE211	E01016969
mm.ace.1213	E01033329
mm.aim82M.036	E01016935
mm.domus.WM002	E01029807
mm.aim.0126	E01014910
mm.domus.SW009	E01033345
mm.domus.SW007	E01014542
mm.domus.SW143	E01014542
mm.misc.080	E01004027
mm.wiki.077	E01020175
mm.aim82NM.022	E01002520
mm.aim.0127	E01016347
mm.domus.NW188	E01025431
mm.aim.0129	E01019003
mm.wiki.049	E01018969
mm.domus.SE008	E01004714
mm.domus.SW043	E01033353
mm.wiki.109	E01016980
mm.domus.SC042	S01009726
mm.aim82M.007	E01018326
mm.domus.EM024	E01028336
mm.fcm.032	E01025219
mm.aim.0135	E01006994
mm.misc.161	E01026759
mm.domus.WM120	E01031205
mm.domus.SE073	E01000855
mm.ace.1129	E01004736
mm.ace.1098	E01023606
mm.Mus70Cal.015	E01004735
mm.aim.0140	E01003064
mm.aim.0141	E01030152
mm.wiki.078	E01015188
mm.domus.SW006	E01015186
mm.wiki.434	W01000626
mm.domus.WM044	E01009830
mm.aim82M.062	E01023199
mm.wiki.402	E01032353
mm.hha.119	E01027797
mm.ace.1085	E01014001
mm.domus.SC043	S01011174
mm.misc.150	S01011170
mm.domus.YH153	E01007587
mm.domus.WM119	E01032157
mm.wiki.417	95FF11W1
mm.domus.YH101	E01010856
mm.misc.165	95PP05W1
mm.misc.060	
mm.domus.SE205	E01030347
mm.wiki.238	E01012751
mm.Mus70Cal.007	E01001527
mm.wiki.476	S01010769
mm.domus.WM130	E01028841
mm.ace.1110	E01019319
mm.hha.018	E01028503
mm.domus.SC048	S01007526
mm.domus.SC234	S01007762
mm.domus.SC008	S01012576
mm.hha.143	E01025320
mm.mgs.308	S01013479
mm.ace.042	E01002095
mm.domus.SE601	E01004030
mm.wiki.243	E01025810
mm.domus.SW229	E01029157
mm.misc.050	E01029160
mm.aim.0147	W01001448
mm.domus.SC051	S01009621
mm.wiki.484	S01011079
mm.wiki.153	E01004736
mm.domus.SE464	E01017645
mm.aim82M.054	E01017645
mm.domus.SE202	E01017703
mm.domus.SW234	E01020315
mm.mald.020	W01000259
mm.aim.0150	E01021084
mm.domus.SE204	E01032961
mm.domus.SE216	E01024124
mm.aim82NM.024	E01014084
mm.misc.198	E01021387
mm.domus.SE440	E01030230
mm.wiki.500	E01023466
mm.wiki.376	E01031709
mm.domus.SE027	E01000895
mm.domus.SE224	E01015590
mm.domus.SE249	E01021880
mm.domus.NW075	E01024904
mm.mgs.285	S01012458
mm.domus.SC055	S01007612
mm.mgs.310	S01007895
mm.mgs.381	S01007984
mm.domus.SC052	S01009460
mm.domus.SC074	S01009937
mm.aim82NM.025	E01014370
mm.aim.0155	E01022773
mm.domus.SE296	E01022658
mm.fcm.242	E01026874
mm.hha.120	E01012992
mm.domus.SW019	E01020282
mm.domus.YH046	E01013030
mm.MDN.030	E01032896
mm.domus.SE228	E01018014
mm.domus.NW020	E01005027
mm.wiki.187	E01005027
mm.domus.SE525	E01028715
mm.domus.SE227	E01023563
mm.ace.1186	E01014035
mm.domus.SC049	S01007346
mm.wiki.192	E01022589
mm.aim82NM.026	E01019722
mm.domus.EM106	E01019717
mm.aim82NM.018	W01000635
mm.wiki.503	E01015239
mm.aim.0158	E01026763
mm.wiki.315	E01028479
mm.ace.1226	E01027775
mm.aim82NM.027	E01025838
mm.hha.034	E01032628
mm.aim.0159	W01000199
mm.hha.029	E01019039
mm.wiki.441	W01000073
mm.domus.WA017	W01000093
mm.wiki.283	E01026593
mm.aim.0160	E01026367
mm.mgs.006	S01010790
mm.aim.0161	S01010799
mm.musa.067	E01017290
mm.domus.YH113	E01010994
mm.domus.WA002	W01001543
mm.domus.EM094	E01019843
mm.domus.SC083	S01009181
mm.aim82NM.028	E01022493
mm.domus.SW185	E01018750
mm.wiki.396	E01031901
mm.musa.069	E01028151
mm.domus.SW191	E01018908
mm.domus.WM121	E01028906
mm.domus.SE225	E01017945
mm.aim.0165	E01000918
mm.domus.SC062	S01007336
mm.aim82NM.029	W01000209
mm.ace.1117	E01027297
mm.mgs.374	S01013441
mm.domus.EM021	E01033400
mm.misc.151	S01010504
mm.domus.YH043	E01007418
mm.aim82NM.030	E01033631
mm.mald.024	W01000051
mm.domus.EM095	E01027028
mm.domus.SE251	E01024124
mm.domus.SE121	E01032807
mm.wiki.122	E01021486
mm.hha.132	E01018597
mm.aim.0167	E01027840
mm.domus.NE013	E01012064
mm.domus.YH047	E01027865
mm.domus.YH104	E01027599
mm.domus.WA026	W01001939
mm.mald.026	W01001941
mm.mald.027	W01000511
mm.wiki.415	95VV08W1
mm.mald.028	W01000557
mm.domus.SE229	E01017294
mm.musa.072	95OO09W1
mm.musa.073	E01019204
mm.musa.074	E01019204
mm.domus.SE520	E01002844
mm.mald.030	W01000641
mm.domus.WA022	W01000624
mm.domus.SC029	S01006907
mm.wiki.239	E01025096
mm.aim.0173	E01032974
mm.nimc.043	95HH09W1
mm.wiki.060	E01019105
mm.musa.075	E01004102
mm.ace.1134	E01000918
mm.domus.YH035	E01010679
mm.hha.084	E01029801
mm.aim.0174	E01010122
mm.musa.076	E01029167
mm.domus.SW108	E01031951
mm.domus.SE437	
mm.ace.1106	E01025925
mm.domus.SC064	S01007536
mm.domus.SW235	E01020319
mm.aim82NM.031	E01014869
mm.hha.121	E01027778
mm.wiki.477	S01010698
mm.aim82NM.032	S01012016
mm.domus.SC066	S01007488
mm.fcm.041	E01021491
mm.domus.NW157	
mm.domus.NI028	95NN22W1
mm.domus.YH120	E01011760
mm.wiki.479	S01010793
mm.domus.EM111	E01019736
mm.MDN.036	E01020569
mm.domus.NW095	E01012441
mm.hha.085	E01019871
mm.aim.0179	E01019401
mm.wiki.411	95UU99C2
mm.aim.1338	E01029061
mm.wiki.275	E01033760
mm.hha.165	S01010552
mm.domus.YH057	E01007418
mm.mald.090	W01001858
mm.domus.WA028	W01000918
mm.mgs.406	S01010054
mm.misc.130	W01000646
mm.domus.SE602	E01000953
mm.aim.0181	E01017997
mm.wiki.344	E01014251
mm.ace.1262	E01026272
mm.domus.SE448	E01023136
mm.hha.035	E01020115
mm.domus.SE577	E01028730
mm.fcm.045	
mm.mald.033	W01000574
mm.misc.098	E01012119
mm.domus.SW020	E01029171
mm.aim82NM.099	E01029175
mm.musa.081	E01028779
mm.ace.1092	E01031218
mm.domus.SE137	E01026478
mm.domus.SE230	E01017038
mm.domus.SE016	E01000920
mm.domus.SE232	E01021142
mm.wiki.027	E01019017
mm.aim.0188	E01001589
mm.aim.0796	E01001595
mm.misc.168	E01028737
mm.domus.EM104	E01025720
mm.aim.1353	E01024603
mm.domus.SE233	E01000002
mm.Mus70Cal.010	E01030919
mm.domus.SE531	E01024484
mm.ace.1229	E01029497
mm.domus.SE526	E01028796
mm.domus.SC258	S01012701
mm.domus.SE312	E01032798
mm.wiki.065	E01019606
mm.domus.SE253	E01018110
mm.aim82M.010	E01014243
mm.hha.053	E01022206
mm.wiki.195	E01022591
mm.wiki.326	E01029128
mm.domus.WM107	E01029793
mm.aim.0191	E01031253
mm.domus.SW242	E01022186
mm.domus.SE234	E01021578
mm.domus.SW021	E01022127
mm.aim82NM.033	E01022116
mm.hha.005	E01017750
mm.domus.WA003	W01001587
mm.domus.NE077	E01027508
mm.domus.SE235	E01030659
mm.ace.1287	E01017792
mm.domus.NW026	E01018326
mm.aim82NM.036	E01018319
mm.wiki.021	E01018326
mm.domus.EM033	E01033387
mm.domus.NE017	E01027495
mm.domus.NW034	E01033658
mm.aim82NM.034	E01027390
mm.musa.083	E01031490
mm.domus.SE420	E01024455
mm.hha.150	E01027375
mm.hha.109	E01029617
mm.domus.SE237	E01017757
mm.aim82NM.037	E01017893
mm.misc.051	E01014251
mm.ace.516	E01031912
mm.aim82NM.055	E01022183
mm.musa.084	E01028780
mm.domus.WA092	W01000361
mm.wiki.397	E01015588
mm.domus.SE473	E01002577
mm.wiki.356	E01030764
mm.domus.SE390	E01028522
mm.aim.0200	E01031679
mm.domus.SE305	E01030010
mm.misc.073	E01020367
mm.mgs.398	S01011318
mm.domus.SE075	E01000244
mm.wiki.310	E01028776
mm.domus.WM109	E01013987
mm.ace.1172	E01004731
mm.domus.WM045	E01029792
mm.aim82M.009	W01000209
mm.wiki.148	E01022264
mm.fcm.051	E01013928
mm.domus.EM046	E01026122
mm.domus.SC076	S01008677
mm.wiki.155	E01000002
mm.domus.SE153	E01026549
mm.domus.SC150	S01007646
mm.mgs.361	S01010530
mm.domus.SC077	S01011981
mm.domus.SC075	S01010772
mm.aim.0204	S01007329
mm.aim82NM.057	S01010725
mm.domus.SC078	S01010531
mm.domus.SE553	E01030440
mm.aim82NM.053	E01020319
mm.domus.SE175	E01030101
mm.domus.YH166	E01011876
mm.ace.1234	E01017307
mm.domus.SE516	E01017714
mm.ace.1288	E01029455
mm.wiki.188	E01005092
mm.aim.0207	E01022264
mm.ace.1099	E01014752
mm.domus.NE018	E01033468
mm.domus.NE019	E01012092
mm.domus.NE049	E01012096
mm.domus.YH038	E01010729
mm.wiki.345	E01029961
mm.domus.YH055	E01007714
mm.fcm.056	E01003929
mm.ace.1149	E01001641
mm.domus.NW042	E01025338
mm.domus.WM023	E01028946
mm.domus.SW208	E01020490
mm.misc.131	W01000476
mm.misc.004	E01001744
mm.musa.090	E01029003
mm.domus.SC079	S01013128
mm.mgs.302	S01012182
mm.domus.WM125	E01014149
mm.domus.WM124	E01014148
mm.misc.079	S01008275
mm.domus.SW073	E01015583
mm.aim.0211	E01020121
mm.domus.SC294	S01008587
mm.domus.SE183	E01028811
mm.aim.0213	E01021378
mm.fcm.059	S01010685
mm.domus.SE071	E01021649
mm.domus.SW097	E01020063
mm.domus.SC036	S01012326
mm.wiki.142	E01022241
mm.domus.WM022	E01028938
mm.domus.NI038	95JJ21W1
mm.domus.SW209	E01029124
mm.domus.SW236	E01020153
mm.domus.SC224	S01010260
mm.aim.0215	E01026822
mm.domus.NW130	E01025228
mm.Mus70Cal.004	E01025223
mm.domus.YH050	E01011146
mm.aim.0217	E01021388
mm.aim.0218	E01021398
mm.aim.0219	E01024024
mm.domus.YH051	E01033691
mm.wiki.079	E01019899
mm.domus.SC143	S01011793
mm.domus.SW026	E01020099
mm.aim.0222	E01028804
mm.ace.1178	E01021890
mm.fcm.062	S01010529
mm.mgs.287	S01012292
mm.domus.SE471	E01002889
mm.misc.173	E01020170
mm.domus.WM123	E01031205
mm.aim.0228	S01009032
mm.domus.NW033	E01018402
mm.domus.SW092	E01020016
mm.ace.1291	E01018880
mm.wiki.438	W01000130
mm.mald.037	W01000121
mm.domus.YH044	E01007336
mm.domus.NE068	E01027481
mm.aim.0231	E01026957
mm.hha.162	S01012633
mm.domus.SW179	E01020466
mm.domus.SW029	E01022194
mm.fcm.064	S01012255
mm.aim82NM.038	E01018831
mm.wiki.028	E01018898
mm.wiki.029	E01018968
mm.misc.047	E01019050
mm.domus.SW078	E01018995
mm.hha.188	W01001554
mm.domus.SW028	E01018840
mm.domus.SW104	E01018935
mm.domus.SC081	S01011810
mm.mald.038	W01000060
mm.hha.064	E01031952
mm.aim.0304	W01000193
mm.musa.092	E01018756
mm.domus.SW199	E01018756
mm.domus.SW200	E01018756
mm.musa.093	E01017351
mm.misc.094	E01022177
mm.domus.SW030	E01022213
mm.aim.0234	E01022181
mm.domus.NW048	E01025099
mm.hha.095	E01027022
mm.aim.1025	E01031516
mm.fcm.067	E01026822
mm.aim82NM.023	E01029160
mm.ace.1199	E01022183
mm.wiki.221	E01024582
mm.domus.SE383	E01004735
mm.domus.SC089	S01011017
mm.wiki.374	E01009642
mm.domus.WM088	E01009638
mm.aim.0236	E01009642
mm.aim82M.032	S01012579
mm.domus.WA029	W01001084
mm.domus.SE184	E01017300
mm.domus.SE240	E01016797
mm.musa.095	E01024235
mm.domus.SW032	E01030885
mm.domus.NE074	E01027373
mm.nimc.016	95LL10S2
mm.domus.SC090	S01009714
mm.musa.096	E01024706
mm.domus.SE252	E01024790
mm.wiki.257	E01026209
mm.domus.SC320	S01012571
mm.domus.SE454	E01031598
mm.wiki.080	E01020060
mm.musa.097	S01007520
mm.mgs.370	S01007520
mm.domus.NW186	
mm.hha.190	W01000563
mm.domus.EM081	E01019496
mm.wiki.022	E01018464
mm.domus.SW033	E01029185
mm.domus.SW034	E01031935
mm.ace.1091	E01013999
mm.wiki.398	E01031843
mm.musa.099	E01000754
mm.domus.SC092	S01010731
mm.domus.SE113	E01026735
mm.aim.0983	E01019619
mm.domus.SE245	E01018151
mm.aim.0244	E01001683
mm.domus.NW052	E01006627
mm.aim.0245	E01030594
mm.domus.SE013	E01001043
mm.domus.SE243	E01000740
mm.domus.SE242	E01031728
mm.fcm.072	E01018648
mm.musa.100	S01010567
mm.domus.SC044	S01009282
mm.fcm.073	E01019104
mm.domus.SC315	S01011745
mm.domus.NW032	E01019332
mm.domus.NW029	E01019204
mm.domus.SE014	E01032722
mm.aim.0249	S01009687
mm.domus.SE221	E01022576
mm.aim82M.068	E01014750
mm.domus.YH054	E01007581
mm.domus.WA031	W01001306
mm.domus.WA030	W01001148
mm.domus.EM025	E01028112
mm.fcm.074	E01026468
mm.domus.SC091	S01007540
mm.hha.136	E01019311
mm.domus.YH049	E01027753
mm.mgs.284	S01011307
mm.musa.101	S01011005
mm.misc.160	S01011168
mm.mgs.373	S01009002
mm.musa.102	95CC15W1
mm.aim82M.064	W01000496
mm.ace.1193	E01000389
mm.domus.WM129	E01014149
mm.domus.SE260	E01024182
mm.fcm.075	E01020323
mm.domus.SW186	E01020152
mm.aim.0254	E01012654
mm.wiki.207	E01023467
mm.domus.EM026	E01026991
mm.wiki.379	E01011174
mm.domus.SC093	S01012773
mm.wiki.066	E01019615
mm.wiki.030	E01018968
mm.domus.SW035	E01020235
mm.ace.1204	E01023583
mm.aim.0130	E01033300
mm.musa.109	E01024231
mm.domus.SE336	E01024228
mm.domus.SC097	S01007961
mm.domus.SW036	E01022257
mm.domus.SW037	E01022249
mm.hha.096	E01027043
mm.misc.013	E01024667
mm.wiki.458	S01007013
mm.domus.SC275	S01009032
mm.domus.WA015	W01000194
mm.mald.042	W01000194
mm.wiki.067	E01019448
mm.wiki.156	E01004307
mm.domus.SC095	S01013195
mm.domus.SW144	E01014542
mm.domus.EM034	E01013479
mm.fcm.078	E01013524
mm.domus.EM035	E01013479
mm.wiki.423	95MM26S1
mm.ace.1239	E01032971
mm.domus.SE015	E01002817
mm.mgs.362	S01007675
mm.aim.0358	E01015046
mm.domus.SW038	E01020183
mm.wiki.023	E01018326
mm.wiki.380	E01011134
mm.aim82NM.035	E01011257
mm.wiki.381	E01011130
mm.domus.YH012	E01011141
mm.misc.074	S01008267
mm.domus.SC096	S01007979
mm.musa.112	E01024705
mm.domus.SE259	E01028623
mm.ace.023	E01013369
mm.domus.SE468	E01033239
mm.mald.043	W01000676
mm.aim.1047	E01020340
mm.domus.SC098	S01010714
mm.aim.0262	E01017290
mm.ace.1115	E01017347
mm.fcm.083	E01032645
mm.fcm.082	E01020532
mm.aim82M.011	E01019757
mm.aim.0265	E01033039
mm.ace.327	E01026351
mm.domus.NE028	E01033554
mm.domus.SC181	S01007691
mm.ace.1286	E01025923
mm.domus.SE154	E01026891
mm.domus.SE419	E01021026
mm.aim.0441	E01022795
mm.wiki.256	E01026046
mm.domus.NW086	E01019156
mm.aim.0269	E01026199
mm.aim82NM.041	E01014891
mm.aim82NM.043	W01000132
mm.domus.SC099	S01007444
mm.aim82NM.039	E01016952
mm.domus.SE467	E01024590
mm.domus.YH053	E01007645
mm.musa.115	E01025926
mm.mgs.311	S01007873
mm.domus.SE439	E01028606
mm.hha.133	E01018444
mm.ace.1156	E01002955
mm.domus.SE258	E01030534
mm.domus.NE012	E01012078
mm.hha.003	E01017814
mm.domus.SW042	E01032644
mm.Mus70Cal.011	E01013221
mm.domus.SC100	S01012638
mm.aim82M.012	S01013107
mm.domus.NW053	E01019376
mm.domus.SE500	E01033209
mm.domus.SE257	E01033211
mm.domus.SE459	E01024254
mm.wiki.329	E01029336
mm.domus.NI002	95NN07S2
mm.domus.SE579	E01000747
mm.domus.NI019	95NN07S2
mm.domus.SW106	E01022353
mm.domus.SE582	E01032740
mm.misc.041	S01007560
mm.domus.WM055	E01032359
mm.hha.177	S01007559
mm.aim82NM.054	E01021143
mm.hha.181	S01007288
mm.aim.0280	E01009757
mm.domus.WM043	E01009757
mm.domus.WM138	E01028828
mm.domus.SC311	S01007043
mm.domus.SC238	S01011048
mm.misc.077	S01011048
mm.wiki.407	E01028336
mm.domus.SE018	E01004069
mm.aim.0282	S01007627
mm.aim.0283	S01007897
mm.domus.SC054	S01007589
mm.domus.SC102	S01007870
mm.mgs.303	S01008289
mm.aim.0284	S01010772
mm.domus.SC103	S01013099
mm.aim.0287	S01007708
mm.wiki.498	S01012547
mm.domus.SC104	S01009308
mm.domus.NW169	E01006087
mm.musa.116	E01004714
mm.aim82NM.044	S01009282
mm.domus.SC296	S01012008
mm.wiki.082	E01019902
mm.wiki.143	E01022387
mm.hha.171	S01007205
mm.aim.0288	S01007301
mm.mgs.075	S01007370
mm.musa.117	S01010770
mm.misc.174	E01020289
mm.domus.SW210	E01029325
mm.domus.SW206	E01029325
mm.hha.167	S01010684
mm.domus.SE256	E01030222
mm.domus.NE052	E01033164
mm.domus.NE022	E01020702
mm.wiki.095	E01020704
mm.wiki.094	E01020836
mm.domus.NE020	E01033164
mm.domus.NE053	E01033221
mm.domus.NE054	E01033221
mm.wiki.144	E01022374
mm.wiki.123	E01021503
mm.domus.YH141	E01010834
mm.aim82NM.004	E01019340
mm.wiki.435	W01000673
mm.musa.118	W01001958
mm.domus.SW211	E01014870
mm.domus.NW179	E01025199
mm.domus.EM005	E01027353
mm.musa.119	E01021410
mm.wiki.371	E01032886
mm.aim.0292	S01007310
mm.domus.SE591	E01030237
mm.domus.SE442	E01021662
mm.aim.0295	E01024613
mm.wiki.501	E01017309
mm.musa.120	E01022046
mm.domus.SE032	E01031742
mm.domus.NW054	E01012644
mm.wiki.245	E01025927
mm.musa.121	E01018895
mm.domus.YH160	E01010703
mm.aim.0300	E01029021
mm.domus.SE463	E01030850
mm.musa.122	E01020935
mm.wiki.222	E01016130
mm.domus.SE264	E01031991
mm.domus.SE270	E01017093
mm.aim82NM.046	E01030154
mm.aim.0302	W01001460
mm.fcm.090	E01027787
mm.domus.SE587	E01024429
mm.wiki.472	S01008675
mm.mgs.345	S01008661
mm.aim82NM.047	S01008678
mm.hha.043	E01020389
mm.aim82NM.048	E01030823
mm.domus.SE269	E01030668
mm.domus.WA100	W01000861
mm.misc.106	E01031308
mm.domus.SC126	S01011103
mm.wiki.223	E01024550
mm.aim.0307	E01023077
mm.domus.SE130	
mm.wiki.189	E01005062
mm.domus.YH118	E01011908
mm.domus.SW226	E01015156
mm.domus.SE106	E01026623
mm.domus.NW031	E01005560
mm.aim.1355	E01018793
mm.wiki.467	S01007569
mm.hha.091	E01026315
mm.domus.SE268	E01030307
mm.musa.126	E01007388
mm.wiki.001	E01017550
mm.aim.0310	E01023539
mm.ace.1100	E01001615
mm.hha.070	E01018128
mm.domus.SE267	E01018025
mm.domus.YH066	E01027557
mm.domus.SE460	E01022929
mm.ace.045	E01001450
mm.misc.108	E01014202
mm.domus.NW150	E01018465
mm.domus.SE265	E01021818
mm.ace.1114	E01013241
mm.ace.1145	E01029526
mm.domus.WA078	W01000394
mm.domus.EM037	E01019661
mm.domus.SE190	E01000403
mm.ace.1250	E01015958
mm.ace.1120	E01033141
mm.domus.SE271	E01021578
mm.misc.057	E01016567
mm.domus.WM062	E01014285
mm.hha.080	E01030094
mm.misc.038	E01020016
mm.musa.129	E01020016
mm.wiki.336	E01029336
mm.domus.SW044	E01019919
mm.musa.130	E01007340
mm.ace.1153	E01022824
mm.domus.EM012	E01019615
mm.fcm.279	S01012310
mm.domus.SC111	S01012315
mm.nimc.026	95FF01S2
mm.domus.YH064	E01033070
mm.domus.SW161	E01019894
mm.domus.SE126	E01026747
mm.domus.SC236	S01011154
mm.domus.SW018	E01018840
mm.MDN.035	E01029478
mm.domus.SE125	E01004761
mm.musa.132	E01029057
mm.wiki.110	E01021147
mm.ace.1259	E01023113
mm.wiki.157	E01032646
mm.domus.SW052	E01014372
mm.musa.135	E01021401
mm.domus.SE543	E01026766
mm.ace.1143	E01030163
mm.musa.136	E01026720
mm.domus.SE521	E01000899
mm.aim82NM.050	
mm.domus.YH134	E01033104
mm.wiki.213	E01033239
mm.domus.SC117	S01011891
mm.domus.NI003	95PP20W1
mm.domus.NI021	95GG28S1
mm.domus.SC298	S01012414
mm.domus.SC112	S01009696
mm.aim.0335	E01021234
mm.aim.0336	E01027829
mm.domus.SW047	E01020339
mm.wiki.224	E01024804
mm.wiki.124	E01021412
mm.wiki.485	S01011152
mm.aim82NM.133	E01023155
mm.mgs.392	S01010819
mm.domus.SE513	E01033736
mm.aim.0340	W01001939
mm.hha.022	E01021057
mm.domus.SE588	E01023644
mm.aim82NM.049	E01027044
mm.domus.SE099	E01031505
mm.fcm.098	E01026770
mm.domus.YH161	E01013222
mm.domus.SE375	E01032797
mm.aim.0342	E01015617
mm.musa.138	E01018886
mm.wiki.100	E01012937
mm.domus.NI035	95HH04S1
mm.domus.SW118	E01029199
mm.domus.NW043	E01025584
mm.wiki.158	E01004761
mm.Mus70Cal.020	E01005173
mm.domus.SE289	E01024553
mm.domus.EM097	E01028411
mm.hha.154	S01012332
mm.domus.SE222	E01032664
mm.domus.NI029	95PP12W1
mm.wiki.061	E01019258
mm.domus.SE021	E01003013
mm.wiki.111	E01021003
mm.fcm.100	S01011088
mm.domus.SE077	E01033212
mm.hha.187	W01001119
mm.domus.SE288	E01017701
mm.domus.WM061	E01014331
mm.hha.044	E01020535
mm.aim82NM.045	E01023022
mm.ace.1157	E01023022
mm.mgs.292	S01007024
mm.musa.140	E01017194
mm.domus.WM003	E01032226
mm.aim.0350	E01026897
mm.aim.0351	E01016110
mm.ace.1233	E01022815
mm.domus.SE438	
mm.wiki.101	E01013099
mm.wiki.273	E01007230
mm.domus.SE286	E01001407
mm.mgs.415	S01010429
mm.fcm.102	E01020468
mm.wiki.031	E01019027
mm.ace.1142	E01031942
mm.domus.WM053	E01029778
mm.domus.NI005	95MM28W1
mm.mgs.394	S01007127
mm.aim.0353	E01028653
mm.misc.095	E01004818
mm.misc.029	E01004736
mm.ace.1124	E01033333
mm.domus.SE274	E01000883
mm.domus.SC113	S01007707
mm.wiki.126	E01022011
mm.domus.SW246	E01029045
mm.domus.SE273	E01022078
mm.domus.SE047	E01001915
mm.domus.NW168	E01019179
mm.hha.036	E01020044
mm.domus.NE021	E01027358
mm.wiki.240	E01025001
mm.domus.SC045	S01006994
mm.domus.EM031	E01026384
mm.domus.SE281	E01029920
mm.domus.SC230	S01010687
mm.mgs.281	S01010274
mm.domus.SW098	E01019029
mm.domus.NW078	E01005434
mm.musa.141	E01010046
mm.mgs.377	S01006907
mm.mgs.293	S01006931
mm.domus.NW147	E01006512
mm.nimc.036	95JJ10W1
mm.wiki.357	E01030531
mm.wiki.024	E01018591
mm.misc.143	E01024912
mm.ace.1202	E01024912
mm.wiki.258	E01026099
mm.domus.SW227	E01018991
mm.domus.SE022	E01001777
mm.wiki.193	E01017034
mm.wiki.180	E01002820
mm.aim82M.014	W01000399
mm.wiki.367	E01031049
mm.aim82NM.058	E01027577
mm.domus.WM142	E01032309
mm.domus.NE075	E01027513
mm.domus.SW011	E01033344
mm.domus.YH065	E01027770
mm.aim.0370	
mm.wiki.032	E01018849
mm.fcm.107	S01010684
mm.wiki.127	E01021872
mm.domus.SE396	E01022630
mm.domus.SW063	E01020443
mm.domus.SC009	S01012576
mm.domus.WM054	E01014302
mm.hha.173	S01007247
mm.musa.142	E01026739
mm.aim.0373	S01010263
mm.domus.SC318	S01010271
mm.mgs.314	S01010043
mm.domus.SW064	E01029046
mm.wiki.327	E01029046
mm.hha.192	95QQ10W1
mm.domus.SC270	S01007325
mm.aim82M.015	S01010954
mm.wiki.480	S01010685
mm.domus.SC114	S01007282
mm.domus.SC115	S01010509
mm.hha.081	E01030176
mm.misc.115	E01017528
mm.aim.0378	E01014588
mm.domus.SW066	E01032937
mm.aim82NM.051	E01032937
mm.domus.SW079	E01022347
mm.musa.145	E01022466
mm.hha.023	E01021054
mm.domus.WA034	W01001955
mm.domus.SE276	E01032748
mm.domus.SE282	E01030916
mm.MDN.008	E01013357
mm.domus.SW117	E01020457
mm.aim.1063	E01003929
mm.wiki.083	E01015186
mm.hha.013	E01032814
mm.aim82M.017	E01019634
mm.hha.024	E01031509
mm.domus.YH063	E01013000
mm.fcm.109	E01026268
mm.domus.SC116	S01006544
mm.aim.0382	E01032353
mm.hha.075	E01023722
mm.misc.181	E01021381
mm.hha.159	S01008243
mm.domus.SE295	E01023258
mm.aim82M.016	E01029129
mm.aim82M.018	W01000775
mm.mald.055	W01000776
mm.domus.SC118	S01007613
mm.aim82NM.052	S01011814
mm.domus.SC119	S01006884
mm.aim82M.019	W01000306
mm.wiki.112	E01016959
mm.domus.SC087	S01009235
mm.domus.SE052	E01000854
mm.domus.EM029	E01026323
mm.domus.SC121	S01010546
mm.domus.YH143	E01027567
mm.domus.YH026	E01033264
mm.wiki.225	E01024317
mm.domus.SE045	E01024257
mm.domus.NE023	E01011974
mm.domus.NI034	95ZZ10W1
mm.wiki.128	E01021411
mm.musa.270	E01028404
mm.wiki.248	E01025701
mm.domus.SW212	E01032043
mm.hha.025	E01021115
mm.aim.0389	E01022067
mm.domus.NE057	E01008397
mm.musa.149	W01000146
mm.aim.0393	E01005482
mm.domus.NW056	E01033653
mm.domus.NE009	E01012267
mm.domus.EM023	E01013920
mm.domus.WA070	W01000296
mm.domus.SC010	S01012576
mm.aim.1190	S01012220
mm.domus.SE275	E01001676
mm.ace.399	E01033736
mm.domus.SE114	E01026452
mm.aim.0400	S01007681
mm.wiki.418	95XX13W1
mm.ace.1088	E01033248
mm.domus.SE527	E01028612
mm.wiki.454	W01001515
mm.hha.092	E01026316
mm.Mus70Cal.029	E01008829
mm.domus.SC122	S01010719
mm.domus.NW125	E01018326
mm.misc.101	E01020563
mm.domus.NW185	
mm.domus.SE024	E01004736
mm.musa.151	
mm.domus.SE436	
mm.misc.053	
mm.musa.153	E01030468
mm.domus.SE284	E01030455
mm.domus.SE290	E01030455
mm.domus.SE303	E01032739
mm.musa.156	E01031486
mm.domus.SE285	E01016130
mm.domus.NW022	E01019204
mm.domus.NE041	E01012117
mm.domus.EM096	E01026113
mm.domus.SE302	E01002562
mm.domus.EM112	E01013607
mm.musa.157	E01003939
mm.mald.058	W01000199
mm.musa.158	W01000649
mm.domus.WM076	E01031160
mm.aim.0405	E01018451
mm.wiki.489	S01011827
mm.domus.SE026	E01001762
mm.aim.0406	E01017677
mm.wiki.459	S01006978
mm.hha.086	E01019599
mm.domus.WM115	E01009958
mm.aim.0407	E01024745
mm.domus.NW190	E01019291
mm.domus.SW225	E01022466
mm.domus.SE301	E01030243
mm.domus.NW110	E01004802
mm.ace.039	E01000331
mm.domus.WM030	E01031235
mm.aim.0410	E01025809
mm.domus.SC247	S01012381
mm.domus.SE208	E01021387
mm.domus.SE552	E01003819
mm.aim82NM.062	E01019598
mm.wiki.377	E01021169
mm.ace.1175	E01003823
mm.domus.SE127	
mm.ace.1087	E01032395
mm.domus.SE508	E01033595
mm.domus.YH140	E01033104
mm.musa.160	E01007971
mm.domus.EM074	E01025795
mm.misc.027	E01027806
mm.domus.NI004	95MM28W1
mm.domus.EM093	E01019520
mm.hha.054	E01022380
mm.domus.SW213	E01020509
mm.domus.YH060	E01011561
mm.wiki.288	E01026902
mm.domus.EM009	E01028041
mm.domus.YH059	E01027654
mm.domus.SE148	E01021868
mm.musa.162	E01020292
mm.Mus70Cal.025	E01018955
mm.domus.NW085	E01033223
mm.domus.SE030	E01002162
mm.hha.037	E01020292
mm.domus.NE079	E01012000
mm.hha.186	W01000309
mm.domus.WM131	E01031234
mm.fcm.114	E01033345
mm.hha.115	E01032432
mm.musa.163	E01021998
mm.musa.164	E01021997
mm.musa.165	E01021998
mm.domus.SE300	E01030933
mm.domus.SE490	E01021002
mm.domus.SE298	E01020992
mm.domus.SE299	E01021003
mm.domus.NW191	E01005822
mm.domus.SE554	E01030467
mm.wiki.208	E01023926
mm.domus.WA011	W01000026
mm.musa.166	
mm.domus.SE297	E01022954
mm.wiki.131	E01021284
mm.domus.WA103	W01000568
mm.domus.SE294	E01030113
mm.aim.0420	E01002353
mm.domus.SC145	S01012368
mm.wiki.053	E01019356
mm.domus.NW057	E01025040
mm.aim82NM.124	E01030821
mm.misc.175	E01019895
mm.wiki.033	E01018983
mm.aim.0422	E01029164
mm.wiki.259	E01013251
mm.domus.NE066	E01012354
mm.aim.0423	95PP20W1
mm.domus.NE024	E01011993
mm.aim.0425	E01019880
mm.Mus70Cal.017	S01007641
mm.wiki.075	E01019437
mm.aim.1223	E01002192
mm.domus.SC123	S01010270
mm.domus.NE040	E01027381
mm.domus.NW011	E01005160
mm.wiki.190	E01005160
mm.musa.168	E01021164
mm.wiki.260	E01026200
mm.musa.169	E01026200
mm.hha.071	E01021398
mm.domus.YH058	E01013095
mm.domus.NW079	E01019129
mm.wiki.201	E01014054
mm.domus.NW183	E01025378
mm.ace.127	E01025378
mm.ace.1228	E01027780
mm.domus.SW172	E01018885
mm.domus.SE293	E01031641
mm.wiki.363	E01031202
mm.MDN.010	E01033010
mm.misc.127	E01023496
mm.domus.YH116	E01010887
mm.domus.YH117	E01011923
mm.wiki.181	E01004293
mm.domus.SE162	E01028521
mm.domus.SE376	E01032797
mm.domus.SC218	S01006671
mm.domus.WM058	E01009642
mm.domus.WM108	E01014010
mm.domus.WM144	E01014092
mm.aim.0430	W01001901
mm.domus.SC225	S01008425
mm.aim.0431	E01019388
mm.misc.067	S01008266
mm.domus.SE292	E01024073
mm.domus.NW065	E01019343
mm.domus.SW099	E01014407
mm.domus.SE291	E01023478
mm.aim82NM.059	E01023473
mm.misc.117	E01023583
mm.misc.116	E01023860
mm.hha.062	E01029278
mm.ace.1224	E01011991
mm.hha.014	E01024420
mm.musa.171	E01027476
mm.domus.NE062	E01027476
mm.nimc.009	95JJ04S2
mm.mgs.409	S01008799
mm.hha.009	E01022513
mm.hha.045	E01020350
mm.fcm.120	S01010569
mm.domus.SC120	S01010531
mm.domus.SC124	S01010696
mm.mgs.378	S01009684
mm.domus.NW174	E01019356
mm.MDN.015	95SS15S2
mm.wiki.012	E01018151
mm.domus.EM109	E01025852
mm.domus.NW091	E01006272
mm.domus.SE548	E01023225
mm.mgs.410	S01012324
mm.domus.SC017	S01007661
mm.aim.0443	S01010760
mm.domus.SE311	E01023653
mm.misc.196	E01004027
mm.MDN.018	95GG29S1
mm.ace.1161	E01029874
mm.ace.1223	E01017034
mm.domus.SE037	E01002577
mm.hha.144	E01024921
mm.domus.SW031	E01014381
mm.wiki.054	E01019357
mm.hha.077	E01026763
mm.aim.0447	E01031521
mm.domus.SE310	E01021648
mm.aim82NM.060	E01018872
mm.domus.YH013	E01011076
mm.domus.SW023	E01022141
mm.domus.SW053	E01020293
mm.domus.WA038	W01000037
mm.domus.YH072	E01011420
mm.wiki.439	W01000146
mm.ace.1192	E01004099
mm.wiki.160	E01002704
mm.wiki.311	E01028486
mm.mgs.411	S01013455
mm.wiki.145	E01022269
mm.domus.SE309	E01003254
mm.domus.YH071	E01013049
mm.domus.SE166	E01023263
mm.domus.YH070	E01011459
mm.domus.SE308	E01031636
mm.wiki.191	E01004890
mm.domus.SC125	S01007179
mm.wiki.496	S01012388
mm.aim.0959	E01025965
mm.hha.078	E01026695
mm.wiki.161	E01003953
mm.domus.SC047	S01007225
mm.wiki.162	E01000953
mm.domus.NW194	
mm.wiki.084	E01020202
mm.aim82M.020	E01031617
mm.musa.175	S01013454
mm.domus.WM145	E01028992
mm.fcm.124	E01022083
mm.domus.SE447	E01004736
mm.domus.NE078	E01027484
mm.domus.SE307	E01016988
mm.aim.1085	E01022829
mm.wiki.304	E01027782
mm.musa.001	E01020936
mm.mald.062	W01000494
mm.aim.0456	E01007194
mm.domus.YH016	E01011107
mm.domus.SC046	S01010731
mm.domus.SE514	E01017870
mm.aim.0459	E01016130
mm.domus.YH137	E01033104
mm.domus.YH133	E01033104
mm.aim82M.021	E01027483
mm.aim.0461	E01033438
mm.mgs.298	S01012909
mm.domus.SC244	S01010379
mm.domus.SC243	S01010379
mm.wiki.194	E01023051
mm.hha.138	E01019338
mm.wiki.129	E01021634
mm.domus.SE035	E01024525
mm.aim82NM.064	E01026444
mm.domus.SE545	E01030119
mm.domus.SE455	E01031568
mm.domus.SE532	E01024755
mm.musa.178	E01029199
mm.domus.SW054	E01020113
mm.aim.0466	E01010692
mm.ace.1140	E01013177
mm.aim.0467	E01003933
mm.ace.1173	E01018238
mm.ace.1174	E01006157
mm.Mus70Cal.016	E01002899
mm.Mus70Cal.018	S01007641
mm.wiki.130	E01021458
mm.domus.YH164	E01010716
mm.domus.SC267	S01012255
mm.domus.SE038	E01000914
mm.mgs.278	S01007001
mm.aim.0470	W01000545
mm.ace.1231	E01033756
mm.MDN.021	95QQ07W1
mm.hha.182	S01007311
mm.mgs.332	S01007311
mm.mgs.341	S01007311
mm.domus.SC106	S01009389
mm.domus.SC149	S01010627
mm.mgs.125	S01006975
mm.mgs.412	S01007287
mm.musa.180	S01007287
mm.aim.0471	S01007304
mm.domus.SE304	E01030025
mm.domus.SE167	E01029994
mm.domus.EM039	E01027336
mm.domus.NI006	95SS13S1
mm.fcm.130	95GG18S2
mm.misc.109	E01014148
mm.domus.WM141	E01028922
mm.wiki.298	E01027252
mm.hha.139	E01019090
mm.fcm.131	95OO11W1
mm.aim.0478	
mm.misc.146	S01010678
mm.wiki.214	E01017335
mm.wiki.215	E01017369
mm.domus.SE315	E01017310
mm.domus.SW111	E01019077
mm.domus.SE316	E01002725
mm.domus.SE039	E01000913
mm.domus.WM106	E01029695
mm.musa.032	S01007275
mm.domus.WM127	E01014148
mm.mgs.334	S01008852
mm.domus.SC004	S01006586
mm.Mus70Cal.006	S01007762
mm.domus.SC006	S01012378
mm.ace.1111	E01022591
mm.wiki.497	S01012387
mm.domus.NE005	E01008604
mm.domus.SC147	S01012353
mm.domus.WM051	E01010371
mm.domus.SE571	
mm.aim82M.029	
mm.domus.SE321	
mm.musa.182	
mm.musa.183	E01021002
mm.aim.0485	E01022432
mm.aim.0486	E01000863
mm.domus.SE040	E01000863
mm.domus.SE332	E01000203
mm.domus.EM064	E01013607
mm.domus.SE061	E01017469
mm.aim.0490	E01015589
mm.domus.SW055	E01032014
mm.wiki.002	E01015697
mm.musa.184	S01008257
mm.domus.SC229	S01012689
mm.fcm.137	E01026823
mm.musa.186	E01019499
mm.wiki.474	S01008677
mm.domus.SE028	E01017759
mm.domus.SW056	E01022459
mm.mgs.304	S01008288
mm.domus.SC302	S01007596
mm.misc.145	S01012048
mm.aim.0448	E01017386
mm.domus.YH029	E01033070
mm.domus.WM070	E01009186
mm.domus.WA039	W01001307
mm.domus.WM147	W01000486
mm.domus.NW040	E01025099
mm.mald.066	W01000104
mm.domus.SE041	E01000896
mm.domus.EM087	E01019472
mm.MDN.026	E01029576
mm.domus.SW039	E01032643
mm.domus.EM040	E01025945
mm.aim.0496	E01010700
mm.wiki.383	E01010710
mm.wiki.388	E01027565
mm.hha.178	S01011308
mm.domus.YH021	E01033262
mm.ace.1293	E01027005
mm.domus.SE423	E01001932
mm.domus.SE161	E01028762
mm.domus.SC146	S01012339
mm.fcm.139	E01021443
mm.domus.SC031	S01010384
mm.musa.188	E01003828
mm.domus.NE083	E01033262
mm.domus.NW023	E01019365
mm.wiki.364	E01031256
mm.wiki.164	E01004761
mm.domus.SW114	E01031854
mm.ace.1150	E01002824
mm.domus.SE320	E01024420
mm.musa.189	E01033213
mm.domus.SE489	E01024402
mm.aim.0503	E01024803
mm.domus.SE451	E01024335
mm.ace.1158	E01032807
mm.domus.SE483	E01024388
mm.hha.082	E01029900
mm.wiki.063	E01019105
mm.domus.NW088	E01019105
mm.domus.SE377	E01017958
mm.ace.1222	E01003847
mm.misc.141	E01003847
mm.Mus70Cal.012	E01032450
mm.domus.WM028	E01032450
mm.domus.WA083	W01000671
mm.domus.SW237	E01019891
mm.ace.1182	E01020889
mm.domus.SC287	S01007313
mm.misc.155	S01008031
mm.domus.SC144	S01011792
mm.wiki.488	S01011294
mm.domus.NW127	E01018366
mm.aim.0512	E01018874
mm.aim.0513	E01023152
mm.domus.SW187	E01029085
mm.misc.035	E01027805
mm.wiki.286	E01026698
mm.domus.WA044	W01000423
mm.domus.NW049	E01033071
mm.domus.NE039	E01027377
mm.domus.YH068	E01007645
mm.domus.SW027	E01020169
mm.wiki.210	E01023745
mm.hha.019	E01028736
mm.domus.SW214	E01020410
mm.domus.SE042	E01002964
mm.aim.0516	E01014972
mm.domus.WM071	E01014034
mm.domus.SC086	S01009245
mm.ace.1147	E01027604
mm.domus.SC082	S01011811
mm.aim.0518	E01003934
mm.aim82NM.065	S01009479
mm.domus.SC050	S01009479
mm.domus.NE038	E01032560
mm.ace.1257	E01011488
mm.mgs.279	S01007274
mm.domus.YH132	E01027678
mm.hha.076	E01023786
mm.domus.SW238	E01020047
mm.domus.SE533	E01024471
mm.aim.0521	E01018606
mm.aim82M.022	E01002181
mm.domus.SE322	S01007641
mm.misc.054	
mm.domus.WM143	E01009920
mm.aim82NM.072	E01032522
mm.domus.SW215	E01031942
mm.domus.NW102	E01009741
mm.domus.NE037	E01027381
mm.misc.049	S01011051
mm.domus.SC156	S01010772
mm.domus.NE026	E01008397
mm.domus.SC256	S01009679
mm.aim.0527	E01019386
mm.domus.SE529	E01021118
mm.wiki.328	E01014800
mm.mgs.413	S01008259
mm.wiki.436	W01000527
mm.hha.097	E01027002
mm.domus.SC151	S01012620
mm.misc.103	E01006145
mm.domus.NW081	E01025252
mm.domus.NW137	E01005721
mm.aim.1247	E01025414
mm.musa.191	E01025099
mm.Mus70Cal.013	E01025099
mm.domus.NW046	E01033071
mm.ace.135	E01025099
mm.aim.0528	E01029013
mm.misc.152	S01010506
mm.aim.1101	E01003837
mm.domus.SW046	E01020468
mm.aim.0530	E01019505
mm.domus.SW201	E01018944
mm.domus.SE318	E01030173
mm.aim82NM.066	E01018760
mm.domus.WM081	E01033631
mm.domus.SC155	S01011326
mm.domus.NI036	95QQ07W1
mm.aim.0531	E01024364
mm.mald.068	W01000566
mm.wiki.385	E01011181
mm.aim82NM.084	E01018965
mm.wiki.036	E01018948
mm.fcm.144	E01019392
mm.domus.SC140	S01008939
mm.misc.118	E01029898
mm.domus.SW058	E01018948
mm.domus.NW158	
mm.domus.SE317	E01030082
mm.hha.073	E01021643
mm.aim.0533	E01019009
mm.domus.WM005	E01033253
mm.domus.SE323	E01030552
mm.wiki.202	E01014035
mm.fcm.145	
mm.aim.0535	E01024375
mm.domus.YH008	E01033010
mm.domus.YH003	E01033010
mm.domus.YH006	E01011284
mm.Mus70Cal.014	E01013706
mm.misc.104	E01013613
mm.musa.195	E01015848
mm.domus.SE482	E01017575
mm.hha.145	E01025148
mm.domus.SE043	E01002864
mm.musa.196	S01007004
mm.hha.160	S01008250
mm.domus.WM097	E01014048
mm.domus.SE324	E01023645
mm.domus.WM117	E01029521
mm.musa.197	E01018992
mm.hha.140	E01019377
mm.domus.SE417	E01021038
mm.domus.NW122	E01012644
mm.ace.1101	E01000918
mm.ace.390	E01029526
mm.mgs.356	S01012354
mm.wiki.069	E01019620
mm.domus.SE327	E01023263
mm.domus.SC157	S01008046
mm.musa.201	E01017289
mm.nimc.037	95RR13W1
mm.domus.NI037	95RR14W1
mm.wiki.261	E01026148
mm.aim.0545	E01026060
mm.ace.1132	E01032991
mm.wiki.262	E01026080
mm.domus.NE071	E01027380
mm.domus.NE081	E01027380
mm.MDN.011	95GG39S1
mm.domus.SC158	S01013444
mm.domus.NW167	E01018721
mm.domus.SW244	E01018771
mm.hha.193	95KK07W1
mm.wiki.292	E01026443
mm.wiki.070	E01013523
mm.domus.SW216	E01032004
mm.domus.SE328	E01029898
mm.ace.1191	E01004105
mm.hha.116	E01032218
mm.ace.1093	E01018431
mm.misc.061	W01000673
mm.wiki.460	S01006910
mm.wiki.196	E01032882
mm.domus.SE326	E01031454
mm.domus.NW134	E01006514
mm.domus.NW135	E01007023
mm.domus.SE044	E01003988
mm.wiki.037	E01018881
mm.mald.069	W01001418
mm.mald.071	W01000524
mm.domus.WA072	W01000146
mm.aim.0555	W01000653
mm.mald.072	W01000208
mm.aim.0556	W01000208
mm.domus.WA019	W01000467
mm.aim.0557	W01000134
mm.domus.WA046	W01001508
mm.domus.WA009	W01000089
mm.domus.WA048	W01000095
mm.mald.081	W01000028
mm.mald.079	W01000114
mm.mald.080	W01000543
mm.misc.153	S01007927
mm.aim82NM.068	S01009702
mm.domus.SC161	S01012020
mm.domus.WM072	E01010404
mm.ace.1195	E01020802
mm.domus.SW243	E01022215
mm.domus.SE009	E01000788
mm.domus.SE488	E01030346
mm.domus.SE031	E01002711
mm.fcm.148	E01004735
mm.aim.0559	E01003927
mm.wiki.182	E01001973
mm.wiki.183	E01003059
mm.misc.140	E01032739
mm.aim.0560	E01002407
mm.musa.204	E01001261
mm.musa.205	E01004733
mm.fcm.149	E01004548
mm.aim82M.056	E01004700
mm.domus.SE033	E01004735
mm.wiki.297	E01027017
mm.misc.119	E01029901
mm.domus.SE331	E01030189
mm.musa.208	E01028198
mm.hha.065	E01032081
mm.fcm.150	E01017365
mm.hha.020	E01030478
mm.wiki.486	S01011131
mm.domus.SW163	E01019035
mm.domus.YH009	E01011297
mm.fcm.151	S01007642
mm.ace.1107	E01025720
mm.aim82NM.061	E01026598
mm.domus.EM041	E01026070
mm.domus.SC257	S01012719
mm.misc.170	E01018369
mm.domus.SE576	E01030247
mm.domus.SE424	E01030289
mm.wiki.347	E01030247
mm.domus.SE340	E01023321
mm.domus.WM036	E01033526
mm.wiki.226	E01024431
mm.musa.209	E01024431
mm.hha.046	E01020489
mm.domus.WM059	E01031308
mm.fcm.154	95LL10S1
mm.aim82NM.126	E01017564
mm.aim.0565	E01025792
mm.wiki.038	E01019036
mm.aim.1159	E01021997
mm.musa.210	E01024534
mm.aim.0566	E01026625
mm.domus.SW071	E01015504
mm.domus.NW170	E01018586
mm.domus.SW059	E01020532
mm.aim.0568	E01012516
mm.domus.SW159	E01020126
mm.domus.SE111	E01026699
mm.domus.SW217	E01029211
mm.domus.NW181	E01024992
mm.aim.0570	E01024991
mm.aim82NM.071	E01025020
mm.domus.NW132	E01024991
mm.wiki.071	E01019600
mm.mgs.382	S01010685
mm.domus.SC153	S01012458
mm.wiki.133	E01021890
mm.aim82NM.082	W01000689
mm.musa.212	E01026112
mm.domus.SE510	E01000945
mm.misc.065	E01018759
mm.ace.1215	E01032734
mm.domus.SE333	E01033090
mm.aim.1352	E01024627
mm.musa.214	E01021909
mm.domus.SE012	E01021889
mm.domus.SC159	S01010507
mm.domus.YH125	E01027785
mm.domus.WM079	E01032209
mm.domus.NW008	E01033653
mm.domus.NW071	E01005147
mm.aim.0578	E01033658
mm.ace.1169	E01005212
mm.domus.NW061	E01005160
mm.aim.0579	E01006186
mm.hha.155	S01012262
mm.musa.215	E01033057
mm.aim.1197	E01031347
mm.musa.216	E01022657
mm.domus.YH039	E01010695
mm.domus.SE446	E01030093
mm.domus.EM058	E01027110
mm.domus.EM042	E01028274
mm.aim.0581	E01024846
mm.fcm.158	
mm.domus.NW155	
mm.wiki.312	E01028659
mm.musa.217	E01014010
mm.hha.047	E01020494
mm.domus.YH165	E01008067
mm.domus.SW183	E01018990
mm.domus.SE472	E01003895
mm.domus.SE335	E01018087
mm.mald.082	W01000933
mm.wiki.227	E01024678
mm.domus.NE036	E01012181
mm.domus.SC215	S01006646
mm.domus.SW008	E01033350
mm.aim.0583	E01022999
mm.domus.SE107	E01026626
mm.domus.NW050	E01025099
mm.domus.SE149	E01021848
mm.hha.122	E01027643
mm.domus.SW239	E01019891
mm.wiki.320	E01028878
mm.domus.SW060	E01031858
mm.domus.SE338	E01002052
mm.domus.SE425	E01031364
mm.aim.0588	E01017894
mm.wiki.102	E01012806
mm.fcm.160	E01026647
mm.aim82M.053	E01026638
mm.wiki.348	E01030191
mm.aim.0589	E01031149
mm.domus.WM031	E01031187
mm.aim.1354	E01018764
mm.domus.SC148	S01012352
mm.domus.NW080	E01019115
mm.aim.0593	E01029819
mm.mgs.294	S01006975
mm.musa.219	E01007353
mm.wiki.270	E01026113
mm.aim82M.024	S01007563
mm.aim.0596	E01004725
mm.domus.SC053	S01009538
mm.domus.SC154	S01012431
mm.domus.SC162	S01010872
mm.aim82M.031	E01023470
mm.domus.EM108	E01025948
mm.wiki.114	E01016952
mm.musa.220	E01022213
mm.musa.222	E01030455
mm.aim82NM.079	E01016110
mm.wiki.491	S01011973
mm.hha.087	E01019854
mm.domus.SE546	E01029885
mm.hha.156	S01012268
mm.aim82NM.081	S01012292
mm.domus.EM070	E01025894
mm.aim.0599	W01000011
mm.aim.0600	E01011877
mm.hha.147	E01007035
mm.musa.223	E01024271
mm.domus.YH131	E01027678
mm.aim82NM.073	E01025050
mm.domus.YH074	E01033070
mm.domus.SW025	E01015156
mm.domus.SW061	E01032035
mm.domus.SE069	E01021735
mm.aim.0603	E01007048
mm.domus.NW103	E01033756
mm.musa.224	E01024789
mm.musa.225	E01030555
mm.aim.0604	E01026210
mm.domus.SC288	S01009631
mm.domus.SE575	E01004731
mm.wiki.039	E01019038
mm.musa.227	S01011836
mm.domus.SE426	E01021197
mm.musa.228	E01033068
mm.musa.229	E01023278
mm.ace.1249	E01030087
mm.wiki.285	E01033042
mm.aim.0606	E01014250
mm.domus.NE015	E01012092
mm.ace.203	E01012068
mm.ace.1146	E01011471
mm.musa.230	E01019634
mm.domus.WM052	E01031308
mm.aim82M.025	E01028828
mm.domus.EM052	E01019455
mm.domus.SE056	E01029947
mm.domus.SE600	E01022551
mm.domus.WA049	W01000589
mm.nimc.017	95CC17W1
mm.aim82M.027	E01021035
mm.domus.SE306	E01017441
mm.aim.1001	E01026699
mm.aim.0619	S01013298
mm.domus.NE044	E01008397
mm.wiki.404	E01032476
mm.domus.SE034	E01023925
mm.aim.0616	E01029697
mm.domus.EM054	E01028311
mm.domus.NW160	E01019290
mm.domus.SC235	S01007836
mm.wiki.220	E01024295
mm.domus.SE036	E01016838
mm.misc.169	E01028727
mm.domus.WA045	W01000398
mm.wiki.449	W01000467
mm.wiki.134	E01021648
mm.musa.235	E01024589
mm.aim82NM.075	E01014345
mm.hha.141	E01019083
mm.domus.SC012	S01012576
mm.aim82M.050	E01033595
mm.domus.SC285	S01008870
mm.domus.SC310	S01008870
mm.wiki.428	W01000032
mm.domus.SC163	S01007642
mm.hha.067	E01017424
mm.ace.1236	E01025951
mm.mald.086	W01000314
mm.domus.SW218	E01032022
mm.wiki.412	95LL02S1
mm.domus.SE530	E01021032
mm.aim82NM.076	E01005636
mm.domus.NE027	E01008791
mm.domus.WA027	W01001554
mm.domus.WA004	W01001554
mm.domus.SE128	
mm.domus.SW219	E01029215
mm.fcm.161	E01029215
mm.domus.SC164	S01007219
mm.domus.SC018	S01007209
mm.hha.174	S01011860
mm.wiki.342	E01014249
mm.domus.YH090	E01011603
mm.fcm.162	S01011122
mm.misc.020	E01020258
mm.mgs.360	S01008599
domus.NE043	E01027453
mm.musa.240	E01028790
mm.wiki.085	E01020108
mm.domus.SW068	E01020331
mm.wiki.040	E01018908
mm.domus.WM137	E01029637
mm.mgs.337	S01013228
mm.domus.SE549	E01023177
mm.misc.019	E01018308
mm.mgs.386	S01012010
mm.domus.SW150	E01018781
mm.nimc.006	95BB05S1
mm.hha.183	S01007343
mm.musa.241	E01030370
mm.musa.242	E01022083
mm.MDN.031	E01029582
mm.domus.SE427	E01030091
mm.aim.0628	E01027486
mm.wiki.035	E01018925
mm.domus.EM092	E01028042
mm.fcm.163	E01019440
mm.domus.EM107	E01026194
mm.ace.1256	E01033345
mm.domus.SE011	E01023497
mm.domus.WM035	E01028852
mm.domus.SC261	S01007285
mm.wiki.413	95VV22W1
mm.hha.142	E01019259
mm.ace.1105	E01026750
mm.aim.0791	E01018913
mm.aim82M.028	
mm.domus.SC166	S01008876
mm.wiki.009	E01014557
mm.nimc.038	95WW22S1
mm.domus.SC167	S01009015
mm.domus.SC251	S01009025
mm.domus.SW134	E01022365
mm.domus.SC253	S01009020
mm.domus.SC252	S01009041
mm.domus.SC313	S01011885
mm.aim82NM.119	E01021054
mm.wiki.025	E01018385
mm.misc.056	E01016567
mm.domus.NE058	E01008397
mm.domus.SE378	E01032797
mm.domus.SW205	E01023159
mm.domus.SE003	E01023195
mm.ace.1292	E01003905
mm.domus.YH163	E01013062
mm.domus.SW075	E01020094
mm.domus.SW162	E01014372
mm.domus.SW096	E01014414
mm.aim.0220	E01014389
mm.aim.1119	E01016658
mm.aim82NM.077	E01014371
mm.aim.0639	E01002879
mm.aim.0641	E01020093
mm.domus.SE226	E01017958
mm.domus.WM056	E01029388
mm.aim.0172	E01032466
mm.aim82NM.083	W01000011
mm.domus.SC139	S01008679
mm.aim82NM.078	E01029411
mm.wiki.455	W01000005
mm.domus.SE384	E01000854
mm.domus.SE382	E01017986
mm.domus.SC317	S01009460
mm.ace.1248	E01032714
mm.aim82NM.080	E01018919
mm.domus.EM020	E01032522
mm.domus.SW048	E01020330
mm.domus.NW149	E01006747
mm.domus.SW245	E01015388
mm.domus.SE059	E01033573
mm.domus.SE002	E01030071
mm.domus.SW175	E01014372
mm.domus.SC135	S01008685
mm.ace.569	E01016414
mm.domus.EM100	E01026285
mm.domus.SE466	E01016567
mm.musa.243	S01006983
mm.domus.SE272	E01030884
mm.domus.SC231	S01008661
mm.aim82NM.102	E01031477
mm.domus.SW065	E01022347
mm.domus.NE080	E01011974
mm.domus.SE580	E01017326
mm.domus.SC250	S01007325
mm.domus.SE185	E01017348
mm.aim.0651	E01029969
mm.domus.NW024	E01019363
mm.domus.NW035	E01025295
mm.domus.SC168	S01007558
mm.domus.EM028	E01026147
mm.ace.1274	E01033752
mm.domus.NW105	E01033752
mm.domus.NW076	E01024904
mm.domus.WM012	E01033248
mm.domus.SE048	E01000001
mm.ace.1180	E01004277
mm.fcm.172	E01026759
mm.domus.SE604	E01030428
mm.domus.WA084	W01000473
mm.wiki.091	E01019901
mm.domus.YH075	E01027572
mm.domus.SE102	E01026823
mm.domus.EM019	E01032522
mm.MDN.013	95II23W1
mm.MDN.014	95CC15W1
mm.domus.SE180	E01028522
mm.mgs.400	S01010270
mm.ace.1244	E01033302
mm.ace.1151	E01021913
mm.aim.0658	E01026400
mm.domus.YH110	E01010716
mm.domus.SE050	E01003876
mm.domus.WM073	E01033249
mm.domus.NW070	E01033682
mm.mgs.307	S01007127
mm.aim82M.030	S01011861
mm.domus.SE484	E01004716
mm.domus.SW122	E01029284
mm.domus.SW077	E01029234
mm.mald.089	W01000672
mm.domus.SE365	E01023676
mm.aim82M.065	E01023468
mm.misc.040	E01031839
mm.ace.1216	E01026280
mm.wiki.505	E01030176
mm.domus.SE596	E01026776
mm.domus.SC265	S01011327
mm.misc.110	E01014148
mm.domus.SE394	E01028521
mm.aim.0663	W01000608
mm.aim.0664	E01028037
mm.domus.SE218	E01023202
mm.domus.SC169	S01010676
mm.domus.WM094	E01033559
mm.domus.NW041	E01025378
mm.domus.NW005	E01005948
mm.ace.266	E01028099
mm.domus.SE070	E01032582
mm.domus.EM007	E01027135
mm.domus.SE049	E01002724
mm.ace.019	E01014116
mm.domus.NI007	95DD15W1
mm.domus.SE083	E01004294
mm.ace.1265	E01004716
mm.domus.NW055	E01012539
mm.domus.WM089	E01029701
mm.mgs.315	S01009726
mm.ace.1221	E01012981
mm.domus.NW114	E01033676
mm.fcm.179	E01027822
mm.domus.NW093	E01006369
mm.domus.SW067	E01031884
mm.ace.036	E01003461
mm.aim.0671	E01018969
mm.mgs.408	S01008675
mm.wiki.119	E01020912
mm.wiki.471	S01008188
mm.musa.246	S01008186
mm.mgs.353	S01011848
mm.musa.247	S01008243
mm.domus.SC297	S01010554
mm.domus.SC170	S01010559
mm.wiki.440	W01000243
mm.domus.WA079	W01001240
mm.domus.NW028	E01018504
mm.domus.WA069	W01000595
mm.domus.WA050	W01000117
mm.aim82M.033	E01026994
mm.domus.SE573	E01002901
mm.aim.0677	E01016774
mm.wiki.340	E01033264
mm.aim.0678	E01028335
mm.domus.YH097	E01011938
mm.aim82NM.103	E01012942
mm.mald.095	W01000646
mm.domus.YH147	E01033269
mm.aim.0679	W01000454
mm.aim82NM.104	E01022999
mm.misc.055	E01027044
mm.aim.0337	E01033262
mm.misc.069	E01032217
mm.domus.NW182	E01033658
mm.domus.SE583	E01004736
mm.domus.SC283	S01008677
mm.wiki.249	E01032873
mm.domus.SE341	E01029925
mm.domus.EM078	E01033403
mm.aim82NM.085	E01033345
mm.domus.SE088	E01001641
mm.ace.1168	E01018803
mm.domus.SC189	S01010992
mm.aim82M.034	E01028036
mm.domus.SE081	E01022999
mm.fcm.186	E01010108
mm.domus.WA085	W01001939
mm.domus.SC280	S01008262
mm.wiki.051	E01018905
mm.domus.SC281	S01008993
mm.domus.SC277	S01008678
mm.misc.092	E01011992
mm.domus.SE351	E01017034
mm.domus.SE444	E01004736
mm.domus.YH145	E01013391
mm.domus.WA086	W01001623
mm.domus.YH146	E01010834
mm.aim.0691	E01013487
mm.domus.WA091	W01000063
mm.musa.252	E01013605
mm.aim.0692	E01019634
mm.domus.EM076	E01019424
mm.domus.EM010	E01019612
mm.domus.SC279	S01008675
mm.domus.WA035	W01001938
mm.domus.NW060	E01018564
mm.domus.WA090	W01000689
mm.domus.SC295	S01008587
mm.domus.SE566	E01002820
mm.ace.1127	E01023426
mm.domus.SE080	E01021648
mm.domus.SW155	E01022442
mm.MDN.019	95GG12S4
mm.domus.NW184	
mm.musa.253	95CC17W1
mm.wiki.135	E01021792
mm.domus.WA051	W01000939
mm.musa.254	E01017361
mm.musa.255	S01008809
mm.mgs.418	S01011168
mm.domus.SE491	E01018128
mm.domus.SC276	S01009033
mm.hha.006	E01017720
mm.ace.1126	E01023046
mm.mald.053	W01001930
mm.musa.257	E01024486
mm.misc.121	E01017956
mm.musa.258	S01012627
mm.domus.EM101	E01019748
mm.domus.WM032	E01031234
mm.wiki.437	W01000544
mm.domus.EM067	E01013646
mm.domus.EM043	E01028353
mm.domus.EM053	E01028335
mm.domus.EM103	E01028310
mm.domus.EM063	E01032875
mm.fcm.189	E01027541
mm.musa.259	E01008402
mm.hha.123	E01027688
mm.musa.260	E01033543
mm.misc.078	E01022262
mm.domus.NE014	E01012035
mm.aim.0699	E01021045
mm.domus.SC319	S01008772
mm.domus.SE481	E01021047
mm.hha.066	E01031992
mm.hha.161	S01008997
mm.wiki.041	E01019003
mm.fcm.058	E01033622
mm.domus.WA053	W01001687
mm.musa.263	E01016794
mm.domus.SE197	E01017327
mm.misc.166	E01003112
mm.wiki.042	E01019019
mm.domus.NI027	95VV05S1
mm.domus.EM022	E01027931
mm.domus.SW080	E01020217
mm.domus.SE551	E01017290
mm.domus.WA073	W01000482
mm.wiki.343	E01029807
mm.domus.YH076	E01027702
mm.domus.SW082	E01033080
mm.aim.0314	E01001933
mm.aim82NM.106	E01019027
mm.musa.264	
mm.domus.SE593	E01030285
mm.fcm.190	E01026760
mm.fcm.175	E01026737
mm.fcm.191	E01026897
mm.wiki.293	E01026790
mm.wiki.303	E01027382
mm.domus.YH079	E01013290
mm.wiki.316	E01013796
mm.domus.SE155	E01018168
mm.domus.NW161	E01006870
mm.domus.SC264	S01011259
mm.domus.SC110	S01008275
mm.domus.SC172	S01009711
mm.wiki.043	E01033292
mm.domus.SW081	E01020275
mm.domus.NI008	95XX05W1
mm.domus.NE045	E01008242
mm.domus.NE042	E01008855
mm.MDN.006	E01012987
mm.wiki.263	E01026180
mm.domus.SC314	S01011480
mm.musa.265	E01028035
mm.domus.YH077	E01013332
mm.domus.SE485	E01032798
mm.ace.1121	E01021799
mm.domus.SE263	E01003611
mm.domus.YH080	E01027792
mm.musa.266	E01026998
mm.domus.EM084	E01027223
mm.domus.EM008	E01027135
mm.nimc.018	95GG20S1
mm.wiki.414	95LL24S1
mm.domus.SC061	S01010773
mm.domus.NE046	E01033554
mm.hha.124	E01027736
mm.ace.022	E01012445
mm.aim82NM.087	E01021087
mm.domus.SE101	E01026822
mm.domus.YH157	E01011766
mm.domus.SW189	E01020581
mm.domus.EM016	E01032522
mm.domus.EM017	E01013977
mm.ace.1273	E01028620
mm.wiki.362	E01031116
mm.domus.WM080	E01031119
mm.domus.YH158	E01027800
mm.wiki.217	E01017289
mm.MDN.032	E01029792
mm.domus.SE556	E01031692
mm.domus.WM112	E01009986
mm.domus.EM071	E01013799
mm.aim.0713	E01032674
mm.aim82M.035	E01029018
mm.domus.SE555	E01030942
mm.domus.YH014	E01011051
mm.domus.SC262	S01007299
mm.mgs.320	S01007297
mm.domus.SE122	E01033112
mm.domus.WA054	W01000476
mm.domus.SC057	S01007583
mm.musa.271	E01016110
mm.aim.0714	S01007538
mm.musa.272	S01007285
mm.misc.156	E01025315
mm.musa.273	E01032644
mm.aim82NM.088	E01028795
mm.domus.SC249	S01012278
mm.domus.SE469	E01017645
mm.domus.SW083	E01018776
mm.domus.SC174	S01012413
mm.aim82M.069	E01018810
mm.domus.SE494	E01026625
mm.domus.SE054	E01003981
mm.wiki.115	E01016952
mm.domus.SW202	E01018942
mm.ace.1108	E01025703
mm.mgs.352	S01006979
mm.domus.SE029	E01002137
mm.domus.SE147	E01024247
mm.misc.086	E01005434
mm.domus.SC241	S01011118
mm.misc.176	E01015229
mm.musa.274	E01018025
mm.domus.NE069	E01033164
mm.domus.NW138	E01032912
mm.domus.SE595	E01030199
mm.musa.276	W01000480
mm.aim.0720	W01000080
mm.mald.110	W01000612
mm.domus.WA055	W01000014
mm.mgs.329	S01011829
mm.domus.SC080	S01011822
mm.domus.SC175	S01011821
mm.domus.SE146	E01003895
mm.domus.NE082	E01012151
mm.domus.SE475	E01033237
mm.domus.SE522	E01002678
mm.aim.0723	W01000346
mm.aim.0724	E01024453
mm.domus.YH124	E01011574
mm.ace.1270	E01031486
mm.domus.EM079	E01027048
mm.domus.SW240	E01020173
mm.domus.SE534	E01024302
mm.domus.SE544	E01026444
mm.domus.SE503	E01028790
mm.domus.SE392	E01028521
mm.musa.277	E01028550
mm.domus.SE179	E01028823
mm.aim82NM.117	E01030133
mm.domus.WM134	E01031282
mm.domus.SW165	E01018958
mm.domus.SC160	S01012132
mm.mgs.376	S01012127
mm.domus.SC141	S01011738
mm.domus.SC142	S01011738
mm.domus.SE143	E01031490
mm.fcm.197	
mm.aim.1155	E01005062
mm.ace.1276	E01027870
mm.hha.101	E01028189
mm.domus.EM011	E01028152
mm.domus.NW084	E01018624
mm.domus.WA074	W01000073
mm.mald.111	W01000703
mm.hha.026	E01031626
mm.aim82NM.100	E01031775
mm.aim82NM.094	E01020431
mm.wiki.322	E01028927
mm.wiki.149	E01022177
mm.misc.085	E01003618
mm.domus.SC176	S01012322
mm.domus.SE542	E01021378
mm.domus.YH152	E01033690
mm.domus.EM051	E01019620
mm.musa.278	E01019624
mm.wiki.337	E01029054
mm.domus.SE540	E01018093
mm.misc.138	W01000608
mm.aim.0738	W01000603
mm.wiki.447	W01000555
mm.hha.030	E01018924
mm.domus.SW182	E01018803
mm.domus.NW129	E01025176
mm.domus.SE142	E01028607
mm.misc.171	E01018951
mm.domus.SW084	E01018995
mm.aim.0742	W01000172
mm.aim82NM.090	E01010952
mm.aim82M.058	E01009121
mm.domus.WA025	W01000582
mm.domus.WA077	W01000050
mm.domus.NW062	E01019336
mm.aim82NM.092	E01019333
mm.ace.1266	E01018836
mm.domus.NW113	E01033653
mm.domus.SC129	S01010040
mm.hha.134	E01018654
mm.domus.SE387	E01000852
mm.musa.280	E01025808
mm.domus.SW085	E01018844
mm.musa.281	E01029230
mm.wiki.405	E01032406
mm.domus.SC014	S01011942
mm.domus.SC237	E01032896
mm.fcm.202	E01026770
mm.wiki.136	E01033141
mm.domus.NW072	E01025105
mm.domus.SE131	E01015599
mm.wiki.499	S01007073
mm.domus.SE572	E01032664
mm.domus.SE386	E01000854
mm.musa.282	E01031514
mm.domus.SE557	E01031515
mm.wiki.116	E01021206
mm.domus.SW196	E01031870
mm.domus.SW220	E01032004
mm.domus.EM036	E01013524
mm.wiki.461	S01007229
mm.hha.191	W01000585
mm.domus.EM099	E01027274
mm.domus.SC228	S01011805
mm.aim.0750	E01026266
mm.domus.SE287	E01017701
mm.domus.SE393	E01028521
mm.domus.SC105	S01009299
mm.domus.SW022	E01022139
mm.domus.SE129	E01001387
mm.musa.283	E01021047
mm.mald.116	W01000080
mm.domus.WA093	W01000027
mm.domus.WA056	W01000210
mm.domus.WA095	W01001932
mm.domus.NW009	E01005184
mm.domus.SW024	E01015054
mm.musa.285	95AA11S1
mm.aim.0753	E01018922
mm.domus.SE547	E01030521
mm.musa.268	95GG30S2
mm.domus.SE584	E01004692
mm.aim.0754	E01000851
mm.domus.SC134	S01009937
mm.fcm.204	E01018762
mm.domus.YH119	E01011838
mm.domus.YH123	E01011837
mm.domus.WA047	W01001524
mm.domus.WA057	W01001258
mm.domus.SW100	E01032661
mm.misc.052	E01018132
mm.hha.031	E01018785
mm.ace.1220	E01007141
mm.domus.SE498	E01022761
mm.domus.WA041	W01001046
mm.domus.WA076	W01000105
mm.domus.NW004	E01005952
mm.musa.286	E01033200
mm.domus.SW166	E01020562
mm.domus.SE241	E01017123
mm.domus.SE140	E01017131
mm.domus.SE231	E01017069
mm.mgs.321	S01007026
mm.domus.SE053	E01032740
mm.domus.WM060	E01014287
mm.ace.1137	E01023579
mm.hha.038	E01020240
mm.domus.SE090	E01024641
mm.mald.124	W01000498
mm.domus.WA020	W01000498
mm.fcm.207	E01003350
mm.domus.NW096	E01006463
mm.aim.1006	E01022434
mm.domus.SE212	E01016935
mm.domus.NE008	E01012264
mm.domus.SC274	S01008218
mm.ace.1277	E01018024
mm.hha.032	E01018958
mm.domus.SE139	E01031766
mm.domus.SE441	E01033209
mm.ace.1179	E01009642
mm.domus.SE247	E01015861
mm.domus.SC127	E01032809
mm.domus.SC005	S01006646
mm.aim.0598	E01016036
mm.Mus70Cal.005	E01018878
mm.Mus70Cal.022	E01024661
mm.Mus70Cal.019	E01032740
mm.domus.NW164	E01033681
mm.misc.111	E01020466
mm.wiki.137	E01016014
mm.domus.SW087	E01031955
mm.domus.NW187	E01019360
mm.domus.NW027	E01018651
mm.domus.WA075	W01000063
mm.domus.SE535	E01024483
mm.domus.SE133	E01030428
mm.Mus70Cal.003	E01030091
mm.wiki.168	E01003847
mm.misc.081	E01004644
mm.domus.NW162	E01024860
mm.domus.WM040	E01031324
mm.domus.SE470	E01033090
mm.domus.YH150	E01033068
mm.domus.NW013	E01005136
mm.domus.SE458	E01020910
mm.domus.SE091	E01030440
mm.wiki.229	E01024597
mm.domus.SC137	S01009003
mm.mgs.396	S01012387
mm.aim.0774	E01013369
mm.misc.087	E01017140
mm.mgs.336	S01010677
mm.hha.148	E01020867
mm.domus.WA021	W01000454
mm.domus.SW177	E01014448
mm.aim.0778	E01012564
mm.wiki.265	E01026179
mm.aim.0779	E01019283
mm.wiki.266	E01026400
mm.wiki.003	E01017443
mm.aim.0781	E01016774
mm.wiki.267	E01026184
mm.wiki.268	E01026372
mm.domus.SE057	E01004270
mm.wiki.384	E01010716
mm.domus.NW153	E01019259
mm.domus.SW074	E01015476
mm.aim.0784	E01014062
mm.domus.SE428	E01015622
mm.aim.0786	E01006895
mm.misc.043	E01019310
mm.hha.179	S01007631
mm.domus.SE092	E01018156
mm.domus.SE261	E01024649
mm.misc.030	E01024649
mm.domus.SE078	E01024646
mm.aim.0788	E01024646
mm.domus.SE474	E01001642
mm.aim.0790	E01021918
mm.ace.1212	E01021955
mm.domus.SE094	E01033415
mm.wiki.372	E01009745
mm.domus.YH015	E01011241
mm.domus.SW195	E01020367
mm.domus.SW010	E01014542
mm.wiki.209	E01023724
mm.domus.SE564	E01003689
mm.ace.1243	E01029461
mm.ace.1260	E01020910
mm.ace.1284	E01018914
mm.aim82M.055	E01018892
mm.domus.WA059	W01001726
mm.domus.SC259	S01012719
mm.domus.SC177	S01008675
mm.wiki.358	E01030620
mm.aim82NM.107	E01020979
mm.mgs.289	S01012185
mm.aim.0795	E01019791
mm.aim82NM.097	E01019869
mm.misc.122	E01026765
mm.hha.015	E01016130
mm.domus.EM080	E01019572
mm.aim.0797	W01000487
mm.domus.SE100	E01023444
mm.domus.WA062	W01001171
mm.domus.WA014	W01000240
mm.mald.130	W01000241
mm.domus.NW141	E01025288
mm.domus.NW045	E01025342
mm.domus.NW152	E01025342
mm.wiki.306	E01013369
mm.domus.SW072	E01015583
mm.domus.YH171	E01027770
mm.domus.YH089	E01027766
mm.wiki.138	E01021430
mm.aim.0803	E01017486
mm.domus.YH170	E01027780
mm.domus.YH159	E01027780
mm.wiki.200	E01023066
mm.hha.125	E01027665
mm.domus.YH088	E01027705
mm.mald.132	W01001411
mm.domus.SE486	E01028653
mm.domus.SC130	S01010282
mm.domus.SE097	E01033421
mm.musa.199	E01020936
mm.ace.1264	E01027374
mm.ace.1209	E01026735
mm.mgs.286	S01012458
mm.domus.SC056	S01007583
mm.domus.WA061	W01000480
mm.MDN.023	E01031024
mm.domus.YH087	E01027831
mm.domus.NW131	E01005482
mm.domus.SE219	E01023011
mm.aim.0811	E01026979
mm.domus.EM045	E01013788
mm.fcm.214	95GG27S2
mm.hha.135	E01018431
mm.hha.055	E01022176
mm.hha.149	E01020863
mm.ace.1166	E01032122
mm.musa.289	E01027484
mm.domus.SW049	E01014370
mm.wiki.004	E01017435
mm.musa.290	E01024539
mm.mgs.375	S01007287
mm.domus.YH056	E01007714
mm.misc.071	E01015285
mm.aim.0812	E01027124
mm.domus.YH084	E01027804
mm.wiki.350	E01030138
mm.musa.291	E01032797
mm.domus.SE141	E01017032
mm.domus.SE495	E01026625
mm.domus.WM021	E01028946
mm.ace.1131	E01033595
mm.ace.1135	E01004716
mm.domus.SE590	E01026769
mm.domus.WM038	E01028844
mm.domus.SE511	E01033572
mm.domus.SW088	E01020017
mm.domus.SE064	E01018238
mm.domus.SE095	E01023224
mm.domus.SE093	E01004293
mm.domus.YH149	E01033019
mm.domus.SE123	E01023136
mm.domus.SE119	E01030428
mm.domus.SE434	E01023238
mm.domus.SE098	E01023136
mm.misc.135	E01016400
mm.domus.WM090	E01033623
mm.aim82M.038	E01009757
mm.musa.292	W01000130
mm.domus.SE568	E01004688
mm.aim.0817	E01004727
mm.mgs.323	S01010275
mm.aim.0818	E01000946
mm.domus.SW132	E01018809
mm.ace.1152	E01013481
mm.domus.YH002	E01033070
mm.domus.SE157	E01031946
mm.domus.SE158	E01032798
mm.domus.SE164	E01023263
mm.aim.1180	E01021818
mm.domus.SE165	E01023264
mm.domus.SC180	S01010267
mm.aim.1182	E01002901
mm.domus.NI011	95CC22W1
mm.domus.EM068	E01032875
mm.domus.EM077	E01026147
mm.domus.SE150	E01030784
mm.domus.SE363	E01004321
mm.domus.SE453	E01017067
mm.musa.293	E01016196
mm.domus.SE362	E01023224
mm.musa.294	E01030247
mm.domus.SE350	E01022798
mm.domus.SE103	E01026822
mm.ace.1245	E01005210
mm.domus.SE213	E01016969
mm.domus.SW192	E01014370
mm.domus.YH130	E01027678
mm.domus.WM098	E01031316
mm.domus.SC183	S01008675
mm.domus.SC184	S01008677
mm.domus.WM077	E01031235
mm.domus.SW130	E01033154
mm.domus.SE457	E01020910
mm.nimc.025	95GG20S1
mm.misc.089	E01004733
mm.domus.WA082	W01000111
mm.ace.1165	E01014542
mm.musa.295	E01015477
mm.domus.SE349	E01023656
mm.domus.SC152	S01012458
mm.domus.EM056	E01028404
mm.domus.EM044	E01028404
mm.domus.NW175	E01025513
mm.domus.WM146	E01031145
mm.wiki.389	E01011236
mm.domus.WM020	E01031145
mm.musa.296	E01031145
mm.wiki.056	E01019280
mm.wiki.015	E01018225
mm.domus.SE391	E01016613
mm.domus.SE085	E01030908
mm.wiki.299	E01027067
mm.ace.1280	E01027060
mm.domus.NW195	
mm.aim82M.059	S01013110
mm.domus.YH027	E01033265
mm.domus.NW165	E01025105
mm.domus.NW120	E01019350
mm.domus.SW110	E01015285
mm.domus.SE432	E01031464
mm.mald.135	W01000243
mm.domus.EM072	E01013802
mm.wiki.057	E01019376
mm.aim.0440	E01017337
mm.domus.SE462	E01021117
mm.domus.SE586	E01021117
mm.domus.SE347	E01021117
mm.domus.YH081	E01027777
mm.domus.NE047	E01008766
mm.musa.297	E01002899
mm.domus.NW064	E01005412
mm.domus.SE348	E01022076
mm.mald.163	W01000003
mm.domus.SE449	E01026860
mm.domus.SW129	E01020173
mm.domus.NW136	E01032907
mm.musa.298	E01014370
mm.domus.SW154	E01018793
mm.aim82NM.108	E01014453
mm.domus.SW241	E01015135
mm.Mus70Cal.008	E01008255
mm.musa.299	E01004051
mm.hha.146	E01025456
mm.musa.300	E01022984
mm.domus.WM078	E01029526
mm.wiki.184	E01004736
mm.hha.039	E01019951
mm.wiki.464	S01007284
mm.musa.301	E01021548
mm.domus.SC185	S01007107
mm.wiki.289	E01026718
mm.domus.SE019	E01024244
mm.domus.SC059	S01007555
mm.domus.WM068	E01009046
mm.hha.194	
mm.aim.1258	S01007597
mm.misc.167	E01018279
mm.wiki.351	E01030209
mm.domus.SE493	E01030174
mm.fcm.221	S01012404
mm.hha.126	E01027796
mm.domus.SC260	S01011827
mm.domus.SW101	E01032661
mm.domus.YH085	E01027804
mm.misc.026	E01027806
mm.hha.093	E01013326
mm.domus.WA065	W01000512
mm.domus.SE507	E01002820
mm.domus.WA024	W01000623
mm.hha.175	S01011928
mm.domus.SC186	S01010032
mm.domus.SC182	S01007701
mm.aim.0858	S01009715
mm.ace.1205	E01024805
mm.domus.SC188	S01009711
mm.mgs.313	S01010013
mm.aim82NM.110	S01012008
mm.aim.0050	S01012565
mm.domus.SC094	S01011232
mm.aim82NM.111	S01012263
mm.domus.SC284	S01008849
mm.mgs.350	S01009277
mm.ace.1261	E01017140
mm.domus.SE431	E01021071
mm.MDN.016	95TT02W1
mm.domus.SE597	E01032878
mm.domus.SE379	E01032797
mm.musa.004	E01026892
mm.ace.1138	E01008575
mm.domus.WA088	W01000098
mm.domus.NW166	E01033756
mm.domus.WM099	E01009281
mm.musa.303	E01031525
mm.wiki.359	E01030459
mm.domus.NW140	E01019115
mm.nimc.035	95WW20S2
mm.domus.SC190	S01007017
mm.ace.1197	E01008406
mm.domus.SE079	E01024471
mm.musa.304	E01032482
mm.domus.YH083	E01012942
mm.hha.056	E01022205
mm.wiki.250	E01025837
mm.domus.SW126	E01020454
mm.domus.WM029	E01031229
mm.musa.305	E01003935
mm.domus.SC282	S01007595
mm.domus.YH142	E01027636
mm.wiki.074	E01019832
mm.ace.1133	E01019877
mm.hha.004	E01016328
mm.domus.SE519	E01023969
mm.misc.075	S01009029
mm.wiki.232	E01024613
mm.ace.1162	E01033264
mm.domus.NE055	E01008397
mm.domus.YH024	E01007865
mm.musa.306	E01029262
mm.hha.048	E01020541
mm.domus.SW125	E01020546
mm.misc.097	E01020542
mm.aim.0877	E01030491
mm.musa.307	E01004660
mm.domus.EM057	E01032522
mm.domus.SC040	S01012387
mm.domus.SC039	S01012398
mm.domus.SC306	S01012407
mm.domus.YH112	E01010934
mm.domus.NE029	E01008252
mm.hha.107	E01028851
mm.musa.308	E01017296
mm.domus.SE346	E01021002
mm.domus.WM100	E01029701
mm.wiki.044	E01018894
mm.domus.SE115	E01026782
mm.aim.0881	E01029070
mm.wiki.276	E01007126
mm.aim.0882	E01024452
mm.domus.SC316	S01011435
mm.ace.333	E01028946
mm.domus.WM006	E01028946
mm.domus.WM136	E01029711
mm.wiki.026	E01018329
mm.domus.SW156	E01019956
mm.musa.310	E01024124
mm.domus.NW082	E01018624
mm.domus.YH144	E01027633
mm.domus.SE132	
mm.wiki.251	E01025913
mm.domus.SE570	E01000914
mm.musa.311	E01017300
mm.aim.0625	E01019620
mm.domus.SC246	S01012381
mm.domus.SE536	E01024803
mm.musa.312	E01024582
mm.musa.313	E01024608
mm.domus.NW176	E01019383
mm.hha.168	S01011807
mm.mgs.288	S01011807
mm.domus.SC191	S01007284
mm.domus.YH169	E01012966
mm.fcm.230	S01010683
mm.hha.127	E01012981
mm.domus.SE345	E01032730
mm.mgs.346	S01012131
mm.domus.SE537	E01024009
mm.aim82M.040	E01022221
mm.aim.0892	E01010064
mm.domus.YH115	E01010949
mm.domus.NW106	E01004924
mm.ace.1094	E01006824
mm.wiki.034	E01018925
mm.fcm.231	E01033595
mm.domus.EM075	E01025937
mm.domus.SW224	E01022449
mm.domus.SE072	E01021649
mm.domus.SE160	E01033595
mm.domus.WM132	E01009358
mm.domus.SW158	E01022347
mm.aim.0898	E01028823
mm.domus.SE452	E01017142
mm.aim.0900	E01019239
mm.hha.083	E01030260
mm.wiki.330	E01014424
mm.domus.SW164	E01029334
mm.musa.314	E01029112
mm.domus.SW190	E01029285
mm.domus.SW124	E01029284
mm.domus.SW123	E01032627
mm.domus.NI013	95BB23S2
mm.hha.180	S01007904
mm.wiki.172	E01003040
mm.aim82NM.113	E01030286
mm.domus.NE076	E01008686
mm.aim.0907	E01020199
mm.fcm.232	E01024379
mm.domus.SE060	E01003914
mm.domus.SW171	E01020137
mm.domus.EM060	E01013882
mm.domus.NW094	E01025414
mm.domus.NE030	E01008596
mm.musa.316	E01019305
mm.aim82NM.118	S01009018
mm.domus.WA063	W01000920
mm.domus.WA071	W01001003
mm.ace.1144	E01007527
mm.ace.1119	E01007736
mm.domus.SE277	E01017140
mm.domus.SE279	E01032748
mm.wiki.104	E01012989
mm.domus.SE246	E01015840
mm.domus.SE195	E01015895
mm.wiki.140	E01015866
mm.domus.SE492	E01015851
mm.aim82NM.115	E01006969
mm.domus.SE343	E01017123
mm.wiki.173	E01003462
mm.hha.098	E01027050
mm.domus.SE430	E01030282
mm.misc.123	E01030282
mm.ace.1275	E01032995
mm.domus.NW171	E01006739
mm.domus.SE422	E01030736
mm.wiki.174	E01004736
mm.domus.SE606	E01024701
mm.domus.WM092	E01014293
mm.domus.SC193	S01010208
mm.domus.NI020	95KK08W1
mm.domus.YH138	E01033104
mm.aim82M.041	E01031845
mm.domus.SW127	E01033350
mm.domus.SW184	E01018852
mm.aim.0931	E01023675
mm.misc.124	E01023729
mm.Mus70Cal.027	S01009723
mm.domus.SC255	S01009736
mm.domus.SC245	S01009723
mm.domus.SW076	E01020094
mm.musa.319	W01000245
mm.musa.320	E01024047
mm.domus.SE461	E01023042
mm.ace.1211	E01032740
mm.musa.321	E01032740
mm.misc.157	S01008679
mm.domus.WA087	W01001729
mm.aim.0926	E01031760
mm.domus.NW142	E01006872
mm.musa.322	E01019012
mm.fcm.235	E01026756
mm.musa.323	E01014010
mm.domus.WM017	E01031316
mm.aim.0925	E01026134
mm.aim82NM.114	E01007787
mm.domus.SE188	E01024237
mm.domus.NW156	
mm.hha.027	E01031617
mm.musa.325	E01008551
mm.musa.326	E01018849
mm.domus.SW203	E01018990
mm.domus.SC133	S01010262
mm.domus.SE504	E01018187
mm.domus.SW091	E01020018
mm.wiki.170	E01032739
mm.domus.SE104	E01033438
mm.aim82NM.091	
mm.mgs.333	S01006506
mm.domus.SC268	S01012267
mm.ace.1285	E01026782
mm.musa.327	E01003013
mm.wiki.462	S01007202
mm.misc.197	W01000304
mm.misc.178	E01020389
mm.domus.SE361	E01030800
mm.mgs.384	S01010678
mm.domus.WM104	E01029736
mm.MDN.033	E01029701
mm.domus.WM101	E01029711
mm.domus.SE360	E01018025
mm.ace.1183	E01005758
mm.fcm.239	E01026776
mm.aim82M.042	E01026351
mm.domus.EM030	E01026351
mm.domus.SE558	E01031736
mm.hha.090	E01025808
mm.domus.SE359	E01016532
mm.wiki.117	E01016899
mm.musa.328	E01022085
mm.hha.028	E01031507
mm.hha.057	E01022466
mm.aim.0936	E01020408
mm.domus.SW069	E01032716
mm.wiki.242	E01025098
mm.domus.SE496	E01000196
mm.domus.NE031	E01008488
mm.domus.SE358	E01023758
mm.misc.154	S01007935
mm.domus.SE357	E01031684
mm.domus.SC192	S01013063
mm.hha.049	E01020433
mm.domus.NW192	E01005870
mm.domus.NW018	E01005766
mm.domus.NW017	E01005870
mm.domus.SE356	E01015738
mm.wiki.006	E01017442
mm.aim.0941	E01024163
mm.wiki.429	W01000035
mm.misc.159	E01031979
mm.wiki.365	E01031308
mm.musa.329	E01025687
mm.wiki.313	E01028678
mm.domus.WA006	W01000062
mm.aim.0943	E01017449
mm.domus.NW163	E01019356
mm.domus.SW221	E01032036
mm.misc.125	E01021902
mm.hha.007	E01032960
mm.domus.SC307	S01007357
mm.hha.184	W01001925
mm.domus.SE105	E01026823
mm.domus.SC065	S01007487
mm.hha.010	E01022492
mm.wiki.366	E01031188
mm.aim82M.043	E01031229
mm.aim82NM.116	S01011871
mm.domus.SC194	S01010811
mm.ace.1258	E01003880
mm.domus.YH136	E01033109
mm.wiki.016	E01018054
mm.domus.NW068	E01018373
mm.domus.SC195	S01011804
mm.wiki.290	E01026510
mm.ace.1103	E01019415
mm.wiki.045	E01018771
mm.domus.SW167	E01020459
mm.domus.EM086	E01019612
mm.wiki.352	E01029920
mm.misc.036	E01029918
mm.hha.058	E01022463
mm.domus.NW104	E01006525
mm.domus.SE354	E01029901
mm.wiki.354	E01030211
mm.ace.1252	E01033047
mm.wiki.353	E01030199
mm.hha.105	E01013990
mm.domus.EM006	E01027306
mm.domus.SC196	S01011597
mm.domus.NE032	E01008836
mm.aim82NM.010	E01013081
mm.aim.0951	E01033239
mm.ace.1122	E01014133
mm.mgs.301	S01008683
mm.aim.0338	E01030624
mm.domus.SE353	E01030802
mm.wiki.360	E01030478
mm.domus.SE456	E01020910
mm.musa.332	E01021200
mm.misc.126	E01033448
mm.domus.SE523	E01001735
mm.hha.128	E01027601
mm.aim.0956	E01026774
mm.domus.SE135	E01026455
mm.ace.1096	E01028504
mm.musa.334	E01027764
mm.domus.SW169	E01020482
mm.aim.1206	E01020479
mm.misc.016	W01000849
mm.domus.WA033	W01001938
mm.domus.SW070	E01032715
mm.domus.SE352	E01028762
mm.wiki.430	W01000022
mm.hha.002	E01002686
mm.domus.WA099	W01000159
mm.wiki.300	E01027353
mm.domus.WA010	W01000118
mm.domus.NW143	E01018598
mm.wiki.431	W01000038
mm.wiki.017	E01018152
mm.domus.SC269	S01009022
mm.domus.SC273	S01009018
mm.domus.SC197	S01010755
mm.domus.SC290	S01008679
mm.aim82NM.120	S01012483
mm.wiki.087	E01020312
mm.domus.NW189	E01005948
mm.domus.WM024	E01029835
mm.domus.NE048	E01008441
mm.domus.SE565	E01031539
mm.domus.SC198	S01012412
mm.domus.SW131	E01020493
mm.misc.107	E01014148
mm.mgs.282	S01010748
mm.domus.SE017	E01004745
mm.domus.NW099	E01033756
mm.ace.1136	E01003934
mm.domus.SW170	E01019012
mm.domus.EM090	E01026054
mm.domus.NW180	E01018648
mm.ace.1154	E01020331
mm.mgs.372	S01007694
mm.musa.335	E01020519
mm.aim82M.044	E01012336
mm.musa.337	W01000531
mm.domus.SW103	E01020269
mm.domus.SW207	E01019005
mm.domus.YH007	E01011420
mm.domus.WM009	E01032213
mm.domus.WA064	W01000620
mm.musa.339	S01010266
mm.domus.SE372	E01024024
mm.misc.148	E01020519
mm.domus.SW181	E01022220
mm.wiki.146	E01022459
mm.domus.SW135	E01022459
mm.domus.YH073	E01011677
mm.ace.1210	E01028669
mm.musa.340	E01004291
mm.domus.SE371	E01016328
mm.musa.154	E01022092
mm.wiki.424	95YY10W1
mm.domus.WM025	E01032343
mm.domus.SW107	E01014377
mm.aim.0981	E01018661
mm.aim.0952	E01030758
mm.domus.NI024	95CC05W1
mm.aim82NM.007	E01027919
mm.wiki.301	E01027365
mm.aim82NM.019	E01020245
mm.domus.NW002	E01019280
mm.wiki.272	E01033756
mm.MDN.017	95GG39S1
mm.aim.0994	E01025699
mm.domus.SW197	E01033233
mm.aim.1153	E01029078
mm.misc.149	S01009030
mm.domus.EM083	E01025788
mm.aim82M.008	E01032739
mm.misc.046	E01018326
mm.misc.062	E01029503
mm.aim.1004	E01026057
mm.domus.SC299	S01011072
mm.aim.1005	E01031748
mm.misc.076	E01011147
mm.misc.022	E01024010
mm.wiki.495	S01012406
mm.domus.SW017	E01018936
mm.wiki.478	S01010791
mm.aim.1017	E01021240
mm.domus.SE421	E01017469
mm.aim.1020	E01033490
mm.domus.WM074	E01014076
mm.aim.1022	E01030712
mm.aim.1023	E01003110
mm.domus.SE076	E01002820
mm.misc.100	W01000613
mm.ace.1214	E01032761
mm.ace.324	E01026122
mm.misc.133	W01000507
mm.domus.WM011	E01033249
mm.misc.162	E01012981
mm.mald.007	W01000003
mm.misc.008	E01027785
mm.ace.1225	E01027707
mm.aim.1026	E01009615
mm.domus.YH052	E01027577
mm.aim.1031	E01019080
mm.misc.066	S01007524
mm.aim.1036	E01004511
mm.wiki.432	W01001943
mm.misc.010	E01017337
mm.aim.1040	E01014285
mm.domus.NW038	E01025295
mm.domus.YH151	E01010967
mm.aim.1042	E01030094
mm.domus.SE506	E01002791
mm.aim.1097	E01020467
mm.domus.SE020	E01001642
mm.domus.SE505	E01018300
mm.aim.1051	E01025559
mm.domus.WM057	E01032182
mm.domus.SE370	E01000937
mm.musa.341	S01008677
mm.domus.NW115	E01005027
mm.ace.1254	E01004293
mm.domus.SE001	E01003013
mm.wiki.382	E01011920
mm.mgs.343	S01008868
mm.domus.YH061	E01027770
mm.domus.NW039	E01012681
mm.ace.1123	E01023263
mm.aim.1068	
mm.domus.EM105	E01032867
mm.domus.SE562	E01023263
mm.wiki.448	W01000477
mm.aim.1071	S01013112
mm.ace.1247	E01006513
mm.wiki.387	E01033694
mm.hha.110	E01029788
mm.aim82NM.056	E01019630
mm.domus.SW160	E01014812
mm.mgs.383	S01007310
mm.ace.1148	E01027479
mm.ace.380	E01017469
mm.mgs.390	S01010707
mm.domus.SC178	S01010569
mm.musa.342	S01007387
mm.misc.005	E01016569
mm.aim.1080	E01030980
mm.aim.1082	E01016711
mm.musa.343	E01024379
mm.wiki.055	E01019305
mm.domus.SE058	E01004735
mm.domus.NI010	95PP20W1
mm.domus.SC305	S01007563
mm.aim.1089	E01028997
mm.domus.SC037	S01012307
mm.domus.SC011	S01012255
mm.misc.088	E01033553
mm.aim.1091	E01001932
mm.aim.1093	E01033756
mm.aim.1095	E01024450
mm.domus.YH069	E01013362
mm.wiki.481	S01010790
mm.wiki.013	E01017984
mm.domus.NE001	E01033554
mm.ace.1198	E01030964
mm.domus.SE319	E01002566
mm.ace.1246	E01032685
mm.aim82M.057	E01019225
mm.fcm.155	E01031229
mm.domus.NW145	E01005062
mm.wiki.014	E01018202
mm.domus.SE337	E01017034
mm.domus.SC232	S01007705
mm.aim.1111	E01030059
mm.domus.SC022	S01007259
mm.wiki.399	E01031863
mm.domus.SW057	E01022459
mm.domus.WM007	E01032282
mm.misc.032	E01024670
mm.misc.044	E01025913
mm.aim.1115	E01032643
mm.aim82NM.074	E01024732
mm.wiki.139	E01021327
mm.aim.1117	E01026741
mm.aim.1196	E01021656
mm.aim.1121	S01009746
mm.misc.072	E01020368
mm.wiki.422	95MM27S1
mm.domus.EM047	E01027135
mm.domus.SE445	E01002704
mm.aim.1131	E01030474
mm.domus.SC171	S01007515
mm.domus.SE082	E01002566
mm.wiki.426	95YY20W1
mm.aim.1136	E01032897
mm.aim.1138	E01028312
mm.misc.007	E01016711
mm.misc.120	E01023481
mm.misc.015	E01033406
mm.musa.344	S01013080
mm.domus.SE605	E01026625
mm.ace.1181	E01010363
mm.aim.1142	W01001930
mm.ace.1097	E01033342
mm.misc.070	
mm.aim.1147	E01021738
mm.domus.SE236	E01031486
mm.misc.011	E01024991
mm.mgs.290	S01007020
mm.aim.1151	S01006869
mm.wiki.264	E01013253
mm.misc.012	E01018624
mm.mgs.368	S01007324
mm.ace.1267	E01017469
mm.aim.1156	E01033023
mm.aim.1157	E01009119
mm.ace.1125	E01033623
mm.wiki.088	E01020199
mm.domus.SC138	S01008685
mm.ace.1160	E01018005
mm.aim.1161	E01000920
mm.aim82NM.105	E01024244
mm.musa.345	E01027033
mm.domus.SW086	E01020428
mm.domus.YH103	E01033070
mm.domus.EM098	E01019455
mm.aim.1166	E01019088
mm.aim.1169	E01004054
mm.musa.346	E01004736
mm.musa.347	S01008686
mm.hha.001	E01001641
mm.domus.EM055	E01028339
mm.misc.083	E01029341
mm.ace.1241	E01029576
mm.misc.128	E01030058
mm.domus.WA060	W01000492
mm.domus.SC291	S01008673
mm.aim82NM.095	E01016591
mm.domus.SW112	E01032022
mm.ace.1159	E01017768
mm.aim82NM.096	S01011328
mm.wiki.230	E01033211
mm.ace.1253	E01013254
mm.wiki.169	E01004687
mm.aim.1186	W01001195
mm.domus.SE046	E01017142
mm.mgs.348	S01008769
mm.domus.SW128	E01032022
mm.aim.1189	S01012018
mm.domus.SE603	E01024078
mm.aim.1194	E01022262
mm.domus.SW109	E01032659
mm.domus.SE134	E01026770
mm.wiki.005	E01017412
mm.wiki.421	95MM28W1
mm.wiki.269	E01026260
mm.MDN.034	E01029759
mm.domus.WM008	E01029530
mm.domus.YH107	E01033006
mm.domus.YH148	E01013054
mm.domus.SC063	S01007526
mm.aim.1202	E01031631
mm.aim.1203	E01028521
mm.aim.1205	E01033446
mm.mgs.299	S01010387
mm.wiki.451	W01000451
mm.aim.1209	E01026788
mm.misc.129	E01030211
mm.aim.1210	E01027050
mm.ace.1176	E01003823
mm.domus.WM046	E01032178
mm.misc.099	E01013063
mm.ace.1141	E01013242
mm.misc.068	E01020979
mm.misc.147	E01032644
mm.aim.1215	E01003896
mm.domus.SC263	S01011228
mm.domus.NW148	E01006747
mm.domus.EM032	E01026092
mm.aim.1217	E01007022
mm.domus.SE550	E01022546
mm.domus.SE096	E01004714
mm.domus.NW128	E01018329
mm.wiki.400	E01032068
mm.domus.NW139	E01033281
mm.wiki.212	E01017334
mm.ace.713	E01026741
mm.misc.136	E01032692
mm.aim.0976	E01003403
mm.domus.SE560	E01028807
mm.aim.1230	E01032052
mm.ace.1268	E01028336
mm.ace.1113	E01027706
mm.wiki.073	E01019609
mm.mgs.147	S01008674
mm.domus.SW176	E01032014
mm.ace.1104	E01033561
mm.domus.SC199	S01012297
mm.domus.YH105	E01027630
mm.musa.349	S01007654
mm.wiki.086	E01020152
mm.aim82M.045	E01018758
mm.domus.SW136	E01014963
mm.domus.SE369	E01015617
mm.wiki.502	E01026053
mm.misc.163	E01027707
mm.aim.1245	E01023851
mm.wiki.058	E01019106
mm.hha.102	E01028378
mm.domus.SE368	E01015959
mm.mgs.357	S01010809
mm.domus.YH004	E01011468
mm.mgs.371	S01010811
mm.aim.0227	S01010504
mm.musa.350	E01016004
mm.ace.413	E01026624
mm.wiki.203	E01014005
mm.domus.YH162	E01013221
mm.domus.SE367	E01024231
mm.aim.1246	E01020183
mm.domus.SC227	S01010771
mm.domus.NE065	E01020802
mm.mald.148	W01000673
mm.aim82NM.121	S01012402
mm.domus.SW222	E01029180
mm.wiki.373	E01010076
mm.musa.351	E01021725
mm.hha.088	E01019611
mm.misc.048	S01010649
mm.wiki.444	W01001579
mm.hha.021	E01030831
mm.hha.040	E01020048
mm.domus.SW137	E01020052
mm.musa.352	E01026784
mm.wiki.386	E01010983
mm.domus.SC226	S01007526
mm.domus.SC025	S01006828
mm.mgs.325	S01006589
mm.musa.353	E01018908
mm.domus.SE110	E01026625
mm.Mus70Cal.009	S01010144
mm.domus.WA096	W01000130
mm.musa.354	E01020540
mm.domus.SE366	E01028767
mm.domus.YH010	E01011008
mm.domus.SE117	E01028713
mm.aim82NM.122	E01025331
mm.misc.059	
mm.misc.164	S01011828
mm.domus.SC239	S01011045
mm.aim82NM.123	E01004802
mm.aim82M.060	E01021414
mm.domus.SW102	E01033236
mm.aim82M.046	E01015190
mm.wiki.466	S01007288
mm.domus.SW138	E01015267
mm.domus.SW139	E01015261
mm.domus.SW140	E01020305
mm.domus.SW141	E01020183
mm.aim82M.047	E01020180
mm.domus.NW118	E01005484
mm.misc.144	E01020936
mm.domus.NI014	95MM28W1
mm.wiki.018	E01018226
mm.musa.356	E01028522
mm.wiki.401	E01031967
mm.domus.SE112	E01026699
mm.domus.NW074	E01024904
mm.domus.NW177	E01019375
mm.domus.SE373	E01020935
mm.domus.YH109	E01008047
mm.wiki.390	E01010865
mm.hha.157	S01012262
mm.domus.SE598	E01033383
mm.domus.YH155	E01013366
mm.fcm.254	S01010512
mm.mald.149	W01001481
mm.domus.WA052	W01001913
mm.mald.151	W01000513
mm.wiki.010	E01017728
mm.domus.NW090	E01006349
mm.hha.189	W01001575
mm.domus.SW204	E01018831
mm.hha.033	E01018845
mm.domus.SC301	S01012292
mm.aim.1255	E01023425
mm.domus.SW142	E01019001
mm.mald.155	W01000527
mm.domus.SW120	E01032086
mm.domus.SE136	E01026698
mm.domus.NE067	E01033484
mm.misc.082	E01024678
mm.ace.1283	E01033248
mm.domus.SE278	E01032748
mm.mald.152	W01000620
mm.misc.158	E01031234
mm.domus.SC240	S01011088
mm.misc.142	S01007412
mm.domus.NW021	E01019204
mm.domus.SE374	E01024823
mm.musa.360	W01001116
mm.domus.YH108	E01033266
mm.aim.1261	E01003895
mm.musa.361	E01006328
mm.domus.NW044	E01032485
mm.hha.068	E01017546
mm.MDN.028	E01029464
mm.domus.SC266	S01012253
mm.fcm.257	E01004735
mm.aim.1263	E01023230
mm.misc.042	W01000049
mm.domus.WA098	W01000189
mm.fcm.258	W01000597
mm.domus.SE074	E01021649
mm.domus.WA097	W01000189
mm.wiki.361	E01008560
mm.domus.NE051	E01008558
mm.domus.SE509	E01003186
mm.domus.SE334	E01033090
mm.domus.WM041	E01009340
mm.wiki.274	E01007126
mm.domus.SE062	E01000854
mm.domus.SE429	E01000854
mm.hha.041	E01020221
mm.domus.SC303	S01009027
mm.ace.1167	E01033006
mm.domus.SC200	S01010690
mm.domus.NI015	95YY10W1
mm.MDN.020	95SS23S2
mm.domus.NI016	95XX14W1
mm.domus.NI017	95GG12S1
mm.MDN.022	95GG37S1
mm.aim.0001	E01017528
mm.aim.1267	E01033350
mm.domus.SE381	E01032797
mm.mgs.093	S01006669
mm.domus.SC221	S01006669
mm.domus.SC217	S01007641
mm.domus.SC300	S01007691
mm.domus.SC223	S01007691
mm.mgs.369	S01007691
mm.domus.SE589	E01021736
mm.domus.YH106	E01012914
mm.domus.NE056	E01008397
mm.ace.1237	E01013975
mm.domus.SE389	E01028522
mm.ace.1255	E01032907
mm.mald.154	W01001264
mm.domus.SC208	S01009722
mm.mgs.316	S01009736
mm.domus.SC222	S01013083
mm.musa.016	E01021071
mm.ace.436	E01009671
mm.domus.WM037	E01009671
mm.mgs.296	S01012414
mm.mgs.295	S01012414
mm.aim.1274	E01002253
mm.domus.SE559	E01031508
mm.domus.NI026	95TT15W1
mm.ace.1090	E01031194
mm.ace.1102	E01016613
mm.domus.SC201	S01009027
mm.musa.362	95OO03W1
mm.domus.EM027	E01026167
mm.domus.WA037	W01001597
mm.mald.157	W01000086
mm.ace.1155	E01004259
mm.domus.SE182	E01028756
mm.aim.1281	W01001061
mm.domus.SE063	E01000102
mm.musa.363	E01003690
mm.wiki.046	E01019077
mm.musa.364	E01020199
mm.domus.SE398	E01017363
mm.domus.SE364	E01023745
mm.domus.SE397	E01004412
mm.domus.SE168	E01002819
mm.domus.SW050	E01014370
mm.Mus70Cal.024	E01033406
mm.domus.YH018	E01011092
mm.mgs.366	S01008676
mm.wiki.177	E01033704
mm.fcm.262	E01028349
mm.domus.NE016	E01027484
mm.wiki.096	E01020840
mm.musa.366	E01014060
mm.wiki.103	E01013087
mm.musa.368	E01017720
mm.domus.YH122	E01011920
mm.Mus70Cal.023	E01027706
mm.domus.NW101	E01006648
mm.domus.SE395	E01028676
mm.domus.NE073	E01027447
mm.domus.SE501	E01024253
mm.domus.WM049	E01010368
mm.domus.WM047	E01010368
mm.aim.1289	E01004448
mm.domus.SE561	E01022054
mm.musa.369	E01015950
mm.musa.370	E01030471
mm.domus.SE480	E01003374
mm.domus.SE066	E01004509
mm.misc.134	E01020320
mm.domus.SE330	E01015740
mm.domus.SE435	E01023514
mm.domus.SW145	E01020485
mm.misc.139	E01010997
mm.domus.SW041	E01032103
mm.ace.1187	E01033459
mm.aim82M.048	E01031658
mm.domus.NW098	E01033300
mm.aim.1295	E01033300
mm.mgs.404	S01011831
mm.wiki.278	E01007269
mm.domus.WM018	E01031317
mm.domus.WM122	E01008982
mm.domus.WM016	E01031324
mm.domus.WM019	E01031252
mm.domus.WM085	E01031317
mm.domus.NE035	E01008880
mm.domus.NE072	E01008845
mm.wiki.331	E01029341
mm.domus.SW146	E01029341
mm.wiki.019	E01018298
mm.wiki.483	S01010774
mm.musa.371	E01028647
mm.domus.WM093	E01014075
mm.domus.SE400	E01023879
mm.domus.SE159	E01030478
mm.wiki.047	E01018989
mm.domus.SE405	E01031477
mm.domus.NE061	E01020889
mm.domus.NW067	E01018703
mm.wiki.241	E01033281
mm.domus.SC202	S01011654
mm.domus.NW069	E01024909
mm.musa.372	E01031145
mm.domus.WM075	E01014236
mm.domus.WM111	E01010096
mm.domus.WA067	E01020936
mm.Mus70Cal.021	E01001604
mm.musa.373	E01000852
mm.musa.374	E01031250
mm.domus.EM061	E01027349
mm.wiki.147	E01022211
mm.wiki.332	E01029316
mm.domus.SW115	E01029078
mm.wiki.487	S01011227
mm.aim82NM.125	W01001904
mm.wiki.323	E01028927
mm.domus.WA089	E01032740
mm.wiki.446	W01000916
mm.mald.158	W01000527
mm.misc.017	W01000773
mm.musa.376	W01000460
mm.domus.SE051	E01023970
mm.aim82M.061	S01009543
mm.wiki.204	E01014016
mm.domus.WM067	E01009500
mm.Mus70Cal.026	E01032921
mm.aim.1300	E01020558
mm.domus.SE084	E01016347
mm.musa.377	E01016888
mm.misc.064	E01018987
mm.domus.SE250	E01024124
mm.wiki.185	E01003489
mm.domus.SC203	S01010522
mm.domus.SC272	S01011313
mm.aim.1304	E01007281
mm.MDN.024	E01009382
mm.domus.NW083	E01018615
mm.aim82NM.127	E01029330
mm.domus.SW002	E01029336
mm.ace.1251	E01030135
mm.mald.159	W01000688
mm.domus.SE517	E01017918
mm.domus.SE404	E01022723
mm.musa.379	E01033752
mm.domus.SE255	E01023252
mm.domus.SE067	E01004733
mm.domus.SW121	E01014800
mm.ace.1263	E01029670
mm.domus.YH020	E01008067
mm.hha.059	E01022206
mm.domus.SW228	E01029139
mm.fcm.270	S01011832
mm.mgs.358	S01010791
mm.domus.SW223	E01032061
mm.aim82NM.128	E01019312
mm.aim.1308	E01020581
mm.domus.SW147	E01020516
mm.musa.380	E01020581
mm.musa.367	W01000480
mm.aim.1309	E01019506
mm.domus.SW133	E01019075
mm.domus.SE380	E01032797
mm.domus.SC308	S01013360
mm.ace.1227	E01027865
mm.wiki.307	E01027869
mm.domus.YH091	E01027870
mm.ace.1242	E01028891
mm.aim.1312	E01022564
mm.aim82NM.129	E01028991
mm.wiki.178	E01003806
mm.domus.SE403	E01024245
mm.ace.1190	E01004111
mm.domus.NI009	95HH01W1
mm.aim.0317	E01001412
mm.domus.SC205	S01007511
mm.wiki.468	S01007511
mm.hha.111	E01029570
mm.wiki.494	S01012355
mm.domus.SE215	E01024070
mm.hha.060	E01022216
mm.domus.SE402	E01018101
mm.domus.NW144	E01005209
mm.aim.1315	E01025360
mm.mgs.364	S01010781
mm.aim.1316	E01012394
mm.domus.NW089	E01006349
mm.domus.WM135	E01010550
mm.misc.102	E01025991
mm.wiki.252	E01025992
mm.domus.YH135	E01033104
mm.aim82NM.130	S01007304
mm.ace.1271	E01013254
mm.domus.WM050	E01010342
mm.aim.1318	E01013957
mm.wiki.253	E01032873
mm.wiki.355	E01030286
mm.domus.SC019	S01007214
mm.domus.SE065	E01004460
mm.wiki.314	E01028723
mm.domus.NW058	E01007155
mm.aim.1090	E01006751
mm.domus.SE220	E01022503
mm.wiki.427	95ZZ15W1
mm.aim.1322	E01032038
mm.domus.SW113	E01031942
mm.domus.SW153	E01031872
mm.domus.SW105	E01031856
mm.domus.SE399	E01003461
mm.domus.SE406	E01003464
mm.domus.SE541	E01018275
mm.wiki.334	E01029227
mm.domus.SW148	E01022463
mm.domus.SW168	E01022464
mm.domus.SE409	E01021101
mm.musa.386	E01023264
mm.domus.SE254	E01023264
mm.aim.1326	E01023264
mm.misc.003	E01026636
mm.domus.NW087	E01019395
mm.mald.160	W01001385
mm.domus.SE156	E01016558
mm.wiki.008	E01016567
mm.fcm.274	E01031727
mm.musa.387	E01012138
mm.aim.1329	E01033631
mm.domus.EM102	E01019636
mm.wiki.279	E01007126
mm.musa.388	E01007126
mm.domus.SE408	E01033112
mm.fcm.275	E01020936
mm.domus.YH092	E01013082
mm.hha.069	E01017451
mm.domus.SE592	E01017452
mm.aim82M.049	E01026718
mm.hha.050	E01020433
mm.musa.389	E01027337
mm.domus.EM018	E01013977
mm.wiki.409	E01013980
mm.wiki.291	E01026733
mm.domus.WM013	E01010521
mm.fcm.276	E01010521
mm.domus.SE407	E01030211
mm.hha.061	E01022350
mm.domus.SE567	E01024038
mm.aim.1335	E01025213
mm.domus.YH086	E01027804
mm.domus.EM110	E01026119
mm.domus.NE063	E01027542
mm.domus.NE064	E01027540
mm.wiki.186	E01001586
mm.domus.SE410	E01030089
mm.misc.039	E01022183
mm.domus.EM089	E01026331
mm.domus.WM010	E01032282
mm.domus.WM027	E01032387
mm.ace.1207	E01032312
mm.domus.WM087	E01009889
mm.domus.NW178	E01019088
mm.aim.1342	E01019124
mm.Mus70Cal.030	E01028068
mm.domus.NW100	E01006648
mm.musa.390	E01019914
mm.domus.NW133	E01006832
mm.wiki.308	E01027630
mm.domus.SE585	E01002672
mm.aim.1346	E01017050
mm.domus.YH045	E01007459
mm.misc.177	E01020340
mm.domus.SE411	E01031787
mm.musa.391	E01007422
mm.domus.SW116	E01022418
mm.musa.392	E01017445
mm.domus.WA042	W01000350
mm.aim82NM.042	W01000402
mm.domus.WM116	E01028980
mm.domus.SE412	E01017923
mm.domus.EM065	E01032867
mm.musa.393	E01027513
mm.aim.1348	E01026870
mm.domus.SE138	E01026945
mm.domus.NW012	E01005117
mm.aim82M.051	E01017297
mm.musa.394	E01015017
mm.domus.SW119	E01031912
mm.wiki.092	E01020315
mm.wiki.335	E01029178
mm.wiki.294	E01026626
mm.aim82NM.112	E01014772
mm.domus.WA040	W01001293
mm.domus.YH093	E01007714
mm.domus.YH094	E01033070
mm.domus.YH096	E01013366
mm.MDN.009	E01013396
mm.wiki.305	E01013366
mm.ace.164	E01013366
mm.aim82NM.101	E01013412
mm.domus.YH095	E01033070
mm.domus.YH102	E01013451
mm.misc.105	E01011441
mm.wiki.391	E01011016
mm.domus.YH048	E01013366
mm.aim82M.052	E01027742
mm.domus.YH031	E01013419
mm.domus.YH099	E01011935
mm.domus.YH082	E01013001
mm.musa.396	E01032014
mm.misc.132	W01000523
mm.mald.162	W01000114
mm.musa.397	E01012102
mm.hud.001	W01000513
mm.hud.002	W01000534
mm.hud.005	E01021143
mm.hud.006	W01000534
mm.hud.007	E01017296
mm.hud.014	E01017284
mm.hud.019	E01004786
mm.hud.021	E01015339
mm.hud.022	E01021350
mm.hud.024	E01033355
mm.hud.025	E01014540
mm.hud.026	E01015186
mm.misc.184	S01009023
mm.misc.185	S01009025
mm.misc.186	S01012415
mm.misc.190	S01009023
mm.misc.191	E01004027
mm.misc.192	E01016914
mm.misc.193	E01001920
mm.misc.194	E01006542
mm.ace.685	E01011898
mm.misc.195	E01012644
mm.misc.199	E01004761
mm.misc.200	E01033658
mm.misc.201	E01022179
mm.misc.202	E01025882
mm.misc.203	E01022878
mm.misc.204	E01014079
mm.misc.205	E01014031
mm.misc.206	E01020072
mm.misc.207	E01019003
mm.misc.208	E01021143
mm.misc.209	E01033070
mm.misc.210	E01021379
mm.misc.211	E01020408
mm.misc.212	E01022782
mm.misc.213	S01006780
mm.misc.214	E01005948
mm.misc.215	S01008678
mm.misc.216	E01014056
mm.misc.217	E01006799
mm.misc.218	E01014370
mm.misc.219	S01007597
mm.misc.220	S01013193
mm.misc.221	S01011102
mm.misc.222	S01010569
mm.misc.223	S01012353
mm.misc.225	S01007598
mm.misc.226	S01007950
mm.misc.227	S01008310
mm.misc.228	S01008677
mm.misc.229	S01008868
mm.misc.230	S01009700
mm.misc.231	S01012034
mm.misc.232	E01024228
mm.misc.233	E01006832
mm.misc.234	E01014949
mm.misc.235	S01007526
mm.misc.236	E01025815
mm.misc.237	95CC02W1
mm.misc.238	E01026203
mm.misc.239	S01012383
mm.misc.240	E01019157
mm.misc.241	E01026488
mm.misc.242	S01011150
mm.misc.243	95GG44S1
mm.misc.244	E01014064
mm.misc.245	E01006648
mm.misc.246	W01001931
mm.misc.247	S01007394
mm.misc.248	E01010779
mm.misc.249	E01033070
mm.misc.250	S01007706
mm.misc.251	E01019944
mm.misc.252	E01002726
mm.misc.253	E01024613
mm.misc.254	E01024377
mm.misc.255	E01019736
mm.misc.256	E01032644
mm.misc.257	E01003081
mm.misc.258	E01027478
mm.misc.259	E01004506
mm.misc.260	E01032038
mm.misc.262	E01024387
mm.misc.263	E01017645
mm.misc.264	E01026753
mm.misc.266	E01033595
mm.ace.1294	E01020153
mm.ace.1295	E01023651
mm.ace.1296	E01019066
mm.ace.1297	E01028297
mm.ace.1298	E01020868
mm.ace.1299	S01010667
mm.misc.267	E01004040
mm.misc.268	E01003521
